Order_ID,Order_Date,Customer_ID,Customer_Name,Customer_Segment,Region,Country,Sales_Channel,Category,Product,Quantity,Unit_Price,Discount,Sales,Cost,Profit,Payment_Method,Order_Status,Delivery_Days,Promised_Delivery_Days,On_Time_Delivery
ORD-00280,2024-01-01,CUST-0283,Customer 283,Consumer,Middle East,Pakistan,Retail Store,Technology,Tablet X,6,333.47,0.05,1900.78,1328.34,572.44,Cash,Completed,6,3,No
ORD-00184,2024-01-01,CUST-0089,Customer 89,Corporate,Latin America,Brazil,Online,Office Supplies,Office Organizer,1,423.49,0.05,402.32,224.16,178.16,Bank Transfer,Completed,10,9,No
ORD-00040,2024-01-01,CUST-0232,Customer 232,Consumer,Europe,France,Retail Store,Office Supplies,Premium Paper,3,182.91,0.15,0.0,370.56,0.0,PayPal,Cancelled,9,6,No
ORD-01094,2024-01-01,CUST-0229,Customer 229,Consumer,Asia Pacific,India,Online,Furniture,Conference Table,4,1358.09,0.02,5323.71,3765.46,1558.25,Bank Transfer,Completed,7,9,Yes
ORD-01008,2024-01-03,CUST-0092,Customer 92,Small Business,Middle East,Saudi Arabia,Online,Technology,Business Monitor,10,680.02,0.08,6256.18,4291.07,1965.11,Cash,Completed,7,3,No
ORD-01493,2024-01-04,CUST-0162,Customer 162,Small Business,North America,Canada,Online,Office Supplies,Printer,3,681.44,0.0,2044.32,1581.88,462.44,Cash,Completed,2,5,Yes
ORD-00565,2024-01-05,CUST-0139,Customer 139,Corporate,Europe,Germany,Online,Furniture,Executive Chair,2,1297.39,0.0,0.0,1539.58,0.0,Cash,Cancelled,5,4,No
ORD-00665,2024-01-06,CUST-0213,Customer 213,Consumer,North America,Canada,Online,Technology,Laptop Pro 14,1,1081.92,0.1,973.73,532.41,441.32,PayPal,Completed,10,8,No
ORD-00783,2024-01-06,CUST-0145,Customer 145,Consumer,North America,United States,Online,Technology,Tablet X,9,380.18,0.02,3353.19,1751.55,1601.64,Cash,Completed,2,3,Yes
ORD-00777,2024-01-08,CUST-0035,Customer 35,Consumer,North America,United States,Retail Store,Accessories,USB-C Hub,8,320.75,0.08,0.0,1354.94,0.0,Bank Transfer,Cancelled,7,4,No
ORD-00921,2024-01-08,CUST-0167,Customer 167,Consumer,Latin America,Mexico,Online,Technology,Tablet X,3,1046.61,0.0,3139.83,2529.84,609.99,Credit Card,Completed,10,3,No
ORD-00311,2024-01-08,CUST-0111,Customer 111,Consumer,Europe,Germany,Retail Store,Office Supplies,Ink Cartridge,8,1307.38,0.02,10249.86,7525.82,2724.04,Cash,Completed,3,3,Yes
ORD-00525,2024-01-08,CUST-0141,Customer 141,Small Business,Middle East,UAE,Partner,Accessories,Mechanical Keyboard,10,74.84,0.05,710.98,418.86,292.12,Bank Transfer,Completed,14,4,No
ORD-00928,2024-01-09,CUST-0243,Customer 243,Small Business,Asia Pacific,India,Retail Store,Technology,Tablet X,5,265.94,0.08,1223.32,891.65,331.67,Bank Transfer,Completed,12,9,No
ORD-00729,2024-01-09,CUST-0220,Customer 220,Consumer,North America,United States,Online,Accessories,Webcam,3,112.49,0.05,320.6,204.07,116.53,Credit Card,Completed,11,6,No
ORD-01141,2024-01-09,CUST-0025,Customer 25,Corporate,Middle East,Pakistan,Online,Furniture,Executive Chair,3,59.85,0.08,165.19,117.55,47.64,Cash,Completed,8,10,Yes
ORD-01245,2024-01-09,CUST-0022,Customer 22,Consumer,Middle East,UAE,Online,Technology,Business Monitor,3,1366.31,0.0,4098.93,2384.78,1714.15,Cash,Completed,9,4,No
ORD-00235,2024-01-10,CUST-0219,Customer 219,Small Business,North America,United States,Retail Store,Furniture,Storage Cabinet,8,1301.22,0.15,8848.3,5094.73,3753.57,Cash,Completed,9,9,Yes
ORD-00363,2024-01-10,CUST-0273,Customer 273,Corporate,Europe,France,Retail Store,Office Supplies,Premium Paper,3,212.44,0.05,605.45,477.98,127.47,Credit Card,Shipped,4,11,Yes
ORD-01033,2024-01-10,CUST-0261,Customer 261,Consumer,North America,United States,Retail Store,Office Supplies,Printer,4,35.43,0.08,130.38,99.6,30.78,PayPal,Completed,4,10,Yes
ORD-01277,2024-01-11,CUST-0211,Customer 211,Corporate,North America,United States,Online,Office Supplies,Office Organizer,1,459.0,0.08,422.28,225.32,196.96,Bank Transfer,Completed,9,11,Yes
ORD-01337,2024-01-12,CUST-0165,Customer 165,Small Business,North America,United States,Partner,Furniture,Executive Chair,8,619.59,0.0,4956.72,2830.63,2126.09,Credit Card,Completed,7,8,Yes
ORD-00403,2024-01-12,CUST-0133,Customer 133,Consumer,Europe,France,Online,Accessories,Webcam,4,990.2,0.1,3564.72,2496.88,1067.84,Credit Card,Completed,2,8,Yes
ORD-01010,2024-01-13,CUST-0258,Customer 258,Consumer,Europe,United Kingdom,Retail Store,Office Supplies,Premium Paper,1,131.91,0.02,129.27,71.64,57.63,Bank Transfer,Shipped,9,7,No
ORD-00159,2024-01-13,CUST-0031,Customer 31,Small Business,North America,United States,Retail Store,Office Supplies,Ink Cartridge,2,1505.73,0.0,3011.46,2057.33,954.13,Cash,Completed,11,10,No
ORD-00392,2024-01-14,CUST-0075,Customer 75,Consumer,Europe,United Kingdom,Partner,Office Supplies,Ink Cartridge,7,558.22,0.08,3594.94,1911.85,1683.09,PayPal,Completed,5,7,Yes
ORD-00532,2024-01-16,CUST-0013,Customer 13,Consumer,Latin America,Mexico,Partner,Technology,Wireless Router,9,444.96,0.05,0.0,2028.01,0.0,Bank Transfer,Cancelled,1,6,Yes
ORD-00197,2024-01-16,CUST-0261,Customer 261,Consumer,Middle East,Saudi Arabia,Partner,Office Supplies,Office Organizer,3,1361.71,0.1,3676.62,2369.67,1306.95,Cash,Completed,5,8,Yes
ORD-00548,2024-01-16,CUST-0041,Customer 41,Consumer,Asia Pacific,Australia,Retail Store,Office Supplies,Printer,8,1063.99,0.05,8086.32,4569.86,3516.46,PayPal,Completed,2,9,Yes
ORD-00307,2024-01-16,CUST-0088,Customer 88,Corporate,Asia Pacific,India,Online,Technology,Wireless Router,7,754.92,0.2,4227.55,3327.48,900.07,PayPal,Shipped,11,11,Yes
ORD-01457,2024-01-17,CUST-0113,Customer 113,Consumer,Asia Pacific,Singapore,Retail Store,Office Supplies,Ink Cartridge,5,1058.63,0.1,4763.84,2922.01,1841.83,Bank Transfer,Completed,5,6,Yes
ORD-00402,2024-01-17,CUST-0196,Customer 196,Consumer,Latin America,Brazil,Retail Store,Accessories,USB-C Hub,8,547.35,0.05,4159.86,3087.63,1072.23,Cash,Completed,6,7,Yes
ORD-00983,2024-01-17,CUST-0289,Customer 289,Consumer,North America,United States,Online,Technology,Laptop Pro 14,7,1024.35,0.15,6094.88,4311.25,1783.63,Bank Transfer,Completed,3,3,Yes
ORD-01269,2024-01-17,CUST-0262,Customer 262,Corporate,Asia Pacific,Singapore,Retail Store,Office Supplies,Ink Cartridge,3,736.75,0.1,1989.22,1089.08,900.14,Credit Card,Completed,6,8,Yes
ORD-01352,2024-01-18,CUST-0263,Customer 263,Small Business,Asia Pacific,India,Online,Technology,Wireless Router,5,1282.49,0.02,6284.2,4044.25,2239.95,PayPal,Completed,14,3,No
ORD-01101,2024-01-18,CUST-0242,Customer 242,Corporate,North America,Canada,Partner,Furniture,Conference Table,6,363.72,0.02,2138.67,1566.76,571.91,Credit Card,Completed,4,4,Yes
ORD-00425,2024-01-18,CUST-0256,Customer 256,Corporate,North America,United States,Retail Store,Accessories,Mechanical Keyboard,10,208.84,0.0,2088.4,1325.87,762.53,Cash,Shipped,4,5,Yes
ORD-00319,2024-01-18,CUST-0122,Customer 122,Consumer,North America,United States,Retail Store,Technology,Laptop Pro 14,7,1464.28,0.02,10044.96,6997.7,3047.26,Cash,Completed,7,9,Yes
ORD-00109,2024-01-20,CUST-0104,Customer 104,Small Business,North America,United States,Online,Accessories,Webcam,8,1011.8,0.02,7932.51,4379.91,3552.6,Bank Transfer,Completed,6,5,No
ORD-00124,2024-01-21,CUST-0076,Customer 76,Consumer,North America,United States,Retail Store,Furniture,Conference Table,4,225.49,0.02,883.92,708.53,175.39,Credit Card,Completed,13,8,No
ORD-00773,2024-01-21,CUST-0170,Customer 170,Consumer,North America,United States,Retail Store,Technology,Tablet X,9,971.77,0.05,8308.63,4829.16,3479.47,Cash,Completed,10,11,Yes
ORD-00165,2024-01-21,CUST-0179,Customer 179,Small Business,North America,Canada,Partner,Technology,Wireless Router,7,408.68,0.05,2717.72,1581.86,1135.86,Bank Transfer,Completed,3,11,Yes
ORD-00968,2024-01-22,CUST-0032,Customer 32,Corporate,Europe,France,Retail Store,Technology,Laptop Pro 14,3,553.98,0.05,1578.84,1036.51,542.33,Bank Transfer,Completed,12,4,No
ORD-01095,2024-01-23,CUST-0030,Customer 30,Corporate,North America,Canada,Online,Technology,Business Monitor,5,274.84,0.15,1168.07,690.66,477.41,Bank Transfer,Completed,10,7,No
ORD-00846,2024-01-23,CUST-0269,Customer 269,Corporate,Europe,United Kingdom,Retail Store,Office Supplies,Ink Cartridge,7,1394.21,0.0,9759.47,6715.31,3044.16,PayPal,Completed,4,6,Yes
ORD-00907,2024-01-23,CUST-0028,Customer 28,Corporate,Middle East,UAE,Online,Technology,Business Monitor,2,728.27,0.02,1427.41,1126.49,300.92,Credit Card,Completed,13,11,No
ORD-00217,2024-01-24,CUST-0035,Customer 35,Consumer,Europe,Germany,Online,Technology,Laptop Pro 14,4,160.36,0.08,590.12,350.15,239.97,Cash,Completed,13,6,No
ORD-01290,2024-01-24,CUST-0074,Customer 74,Consumer,North America,United States,Retail Store,Accessories,USB-C Hub,3,1650.82,0.1,4457.21,2744.03,1713.18,Cash,Completed,13,10,No
ORD-00337,2024-01-26,CUST-0232,Customer 232,Corporate,Latin America,Mexico,Online,Office Supplies,Premium Paper,2,1697.61,0.02,3327.32,2238.29,1089.03,Bank Transfer,Completed,4,7,Yes
ORD-00768,2024-01-27,CUST-0242,Customer 242,Corporate,Latin America,Brazil,Retail Store,Furniture,Conference Table,4,602.73,0.02,2362.7,1770.13,592.57,PayPal,Completed,12,7,No
ORD-00498,2024-01-31,CUST-0193,Customer 193,Corporate,North America,Canada,Retail Store,Office Supplies,Ink Cartridge,5,123.36,0.08,567.46,358.07,209.39,Bank Transfer,Completed,8,10,Yes
ORD-01334,2024-01-31,CUST-0081,Customer 81,Consumer,Latin America,Brazil,Online,Technology,Laptop Pro 14,7,85.23,0.05,566.78,319.94,246.84,Bank Transfer,Completed,2,3,Yes
ORD-00327,2024-02-01,CUST-0245,Customer 245,Consumer,Asia Pacific,Singapore,Online,Technology,Wireless Router,1,816.78,0.05,775.94,587.97,187.97,Bank Transfer,Completed,13,7,No
ORD-00023,2024-02-01,CUST-0023,Customer 23,Consumer,Europe,United Kingdom,Partner,Office Supplies,Office Organizer,8,1056.2,0.08,7773.63,6131.18,1642.45,Bank Transfer,Completed,9,9,Yes
ORD-00739,2024-02-02,CUST-0300,Customer 300,Small Business,Europe,Germany,Online,Technology,Business Monitor,5,219.22,0.05,1041.29,628.54,412.75,Bank Transfer,Completed,2,10,Yes
ORD-00709,2024-02-03,CUST-0199,Customer 199,Corporate,North America,Canada,Retail Store,Furniture,Standing Desk,2,271.41,0.08,499.39,382.9,116.49,Credit Card,Completed,10,5,No
ORD-01201,2024-02-03,CUST-0267,Customer 267,Small Business,Middle East,UAE,Online,Office Supplies,Premium Paper,3,518.85,0.02,1525.42,1079.42,446.0,Cash,Completed,7,10,Yes
ORD-00046,2024-02-03,CUST-0102,Customer 102,Corporate,Asia Pacific,Australia,Online,Technology,Laptop Pro 14,1,965.28,0.02,0.0,725.47,0.0,Credit Card,Cancelled,5,5,Yes
ORD-00304,2024-02-03,CUST-0223,Customer 223,Consumer,Asia Pacific,Australia,Partner,Furniture,Conference Table,1,1028.92,0.02,1008.34,670.98,337.36,PayPal,Completed,14,11,No
ORD-00045,2024-02-03,CUST-0174,Customer 174,Small Business,North America,Canada,Online,Technology,Tablet X,8,1042.56,0.08,7673.24,5928.92,1744.32,PayPal,Completed,3,3,Yes
ORD-00321,2024-02-04,CUST-0173,Customer 173,Small Business,Asia Pacific,Australia,Retail Store,Furniture,Storage Cabinet,1,199.65,0.1,179.68,117.67,62.01,Cash,Completed,13,11,No
ORD-01161,2024-02-04,CUST-0091,Customer 91,Small Business,Middle East,Pakistan,Online,Accessories,Wireless Mouse,1,643.55,0.15,547.02,395.05,151.97,Credit Card,Completed,9,3,No
ORD-00303,2024-02-05,CUST-0281,Customer 281,Corporate,Asia Pacific,India,Online,Technology,Laptop Pro 14,10,1443.37,0.08,0.0,9317.33,0.0,Bank Transfer,Cancelled,10,6,No
ORD-00648,2024-02-05,CUST-0025,Customer 25,Consumer,Asia Pacific,Australia,Online,Office Supplies,Printer,7,1692.53,0.15,10070.55,7194.91,2875.64,Credit Card,Completed,1,4,Yes
ORD-01087,2024-02-06,CUST-0229,Customer 229,Consumer,Asia Pacific,Australia,Partner,Technology,Tablet X,10,1042.27,0.0,10422.7,5506.2,4916.5,Cash,Completed,7,9,Yes
ORD-01465,2024-02-06,CUST-0042,Customer 42,Corporate,Latin America,Brazil,Online,Office Supplies,Ink Cartridge,4,1550.81,0.02,6079.18,3811.44,2267.74,Bank Transfer,Completed,10,3,No
ORD-00673,2024-02-07,CUST-0223,Customer 223,Small Business,North America,United States,Partner,Technology,Laptop Pro 14,2,94.02,0.05,178.64,129.33,49.31,Cash,Completed,14,5,No
ORD-00695,2024-02-07,CUST-0287,Customer 287,Corporate,North America,Canada,Online,Furniture,Storage Cabinet,10,1490.64,0.08,13713.89,7666.84,6047.05,Credit Card,Completed,3,9,Yes
ORD-00687,2024-02-07,CUST-0130,Customer 130,Corporate,Asia Pacific,India,Retail Store,Technology,Tablet X,10,162.56,0.0,1625.6,966.6,659.0,Cash,Returned,7,4,No
ORD-01106,2024-02-08,CUST-0271,Customer 271,Corporate,North America,Canada,Online,Accessories,Webcam,10,659.64,0.08,6068.69,3490.24,2578.45,PayPal,Completed,7,10,Yes
ORD-01420,2024-02-09,CUST-0085,Customer 85,Small Business,Latin America,Mexico,Online,Office Supplies,Premium Paper,4,889.33,0.05,3379.45,2085.64,1293.81,Credit Card,Completed,12,6,No
ORD-00222,2024-02-10,CUST-0017,Customer 17,Consumer,Asia Pacific,India,Partner,Office Supplies,Office Organizer,6,544.97,0.08,3008.23,1724.21,1284.02,Cash,Completed,7,8,Yes
ORD-00528,2024-02-11,CUST-0212,Customer 212,Corporate,North America,Canada,Retail Store,Furniture,Executive Chair,10,1023.21,0.1,9208.89,5924.71,3284.18,Bank Transfer,Completed,5,11,Yes
ORD-00233,2024-02-11,CUST-0052,Customer 52,Consumer,Asia Pacific,Singapore,Online,Technology,Wireless Router,3,1466.82,0.15,3740.39,2278.36,1462.03,PayPal,Completed,10,3,No
ORD-00682,2024-02-11,CUST-0127,Customer 127,Consumer,North America,Canada,Online,Technology,Wireless Router,6,223.71,0.08,1234.88,895.15,339.73,Credit Card,Completed,3,6,Yes
ORD-00521,2024-02-12,CUST-0098,Customer 98,Corporate,Asia Pacific,India,Retail Store,Furniture,Standing Desk,2,49.31,0.02,96.65,60.7,35.95,Bank Transfer,Completed,7,8,Yes
ORD-00986,2024-02-13,CUST-0010,Customer 10,Corporate,Europe,United Kingdom,Partner,Technology,Business Monitor,8,1533.55,0.1,11041.56,6848.79,4192.77,Cash,Returned,6,8,Yes
ORD-00572,2024-02-13,CUST-0287,Customer 287,Consumer,Middle East,UAE,Retail Store,Furniture,Executive Chair,1,1748.06,0.0,1748.06,1175.32,572.74,Bank Transfer,Completed,5,7,Yes
ORD-01034,2024-02-13,CUST-0180,Customer 180,Consumer,North America,United States,Online,Furniture,Storage Cabinet,8,332.43,0.05,2526.47,1909.74,616.73,Credit Card,Shipped,4,10,Yes
ORD-00899,2024-02-15,CUST-0022,Customer 22,Consumer,North America,United States,Online,Furniture,Executive Chair,2,778.73,0.0,1557.46,985.63,571.83,Credit Card,Completed,9,5,No
ORD-00957,2024-02-15,CUST-0018,Customer 18,Small Business,Asia Pacific,Australia,Online,Office Supplies,Printer,4,1615.4,0.0,6461.6,3696.43,2765.17,Cash,Completed,14,9,No
ORD-00961,2024-02-15,CUST-0259,Customer 259,Corporate,North America,Canada,Partner,Technology,Laptop Pro 14,1,61.39,0.08,56.48,40.5,15.98,Credit Card,Returned,11,11,Yes
ORD-00183,2024-02-15,CUST-0033,Customer 33,Consumer,Latin America,Brazil,Online,Office Supplies,Ink Cartridge,7,438.05,0.15,2606.4,1697.09,909.31,Credit Card,Completed,2,5,Yes
ORD-00943,2024-02-16,CUST-0225,Customer 225,Small Business,Asia Pacific,India,Online,Technology,Business Monitor,4,847.58,0.05,3220.8,2603.79,617.01,PayPal,Completed,2,5,Yes
ORD-00630,2024-02-17,CUST-0095,Customer 95,Small Business,North America,Canada,Online,Technology,Tablet X,5,702.11,0.0,3510.55,2221.22,1289.33,Cash,Shipped,5,3,No
ORD-01395,2024-02-18,CUST-0032,Customer 32,Corporate,Europe,United Kingdom,Online,Furniture,Conference Table,10,831.61,0.0,8316.1,6475.59,1840.51,Credit Card,Completed,3,3,Yes
ORD-00786,2024-02-19,CUST-0106,Customer 106,Consumer,Latin America,Mexico,Online,Office Supplies,Premium Paper,7,1023.83,0.02,7023.47,4213.16,2810.31,Credit Card,Completed,2,4,Yes
ORD-00589,2024-02-19,CUST-0075,Customer 75,Consumer,North America,United States,Partner,Accessories,Wireless Mouse,9,894.58,0.05,7648.66,5762.02,1886.64,Cash,Completed,1,3,Yes
ORD-00926,2024-02-19,CUST-0230,Customer 230,Corporate,North America,Canada,Retail Store,Furniture,Conference Table,8,1420.32,0.05,10794.43,7422.43,3372.0,Cash,Completed,13,6,No
ORD-01492,2024-02-19,CUST-0010,Customer 10,Consumer,Europe,France,Online,Furniture,Standing Desk,8,1479.73,0.0,11837.84,6739.03,5098.81,Cash,Completed,3,11,Yes
ORD-01300,2024-02-19,CUST-0132,Customer 132,Consumer,Asia Pacific,Singapore,Online,Furniture,Executive Chair,6,360.34,0.0,2162.04,1266.55,895.49,Cash,Completed,4,7,Yes
ORD-00885,2024-02-21,CUST-0016,Customer 16,Consumer,Middle East,UAE,Partner,Technology,Wireless Router,5,1050.79,0.02,5148.87,3180.03,1968.84,PayPal,Completed,4,11,Yes
ORD-00534,2024-02-22,CUST-0109,Customer 109,Corporate,Asia Pacific,Australia,Retail Store,Furniture,Executive Chair,4,385.93,0.1,1389.35,1127.21,262.14,Cash,Shipped,9,4,No
ORD-00417,2024-02-22,CUST-0123,Customer 123,Consumer,Europe,Germany,Retail Store,Technology,Wireless Router,3,1003.71,0.05,2860.57,1839.64,1020.93,Cash,Completed,6,6,Yes
ORD-00522,2024-02-22,CUST-0057,Customer 57,Consumer,Europe,France,Online,Furniture,Conference Table,7,51.33,0.0,359.31,251.53,107.78,Cash,Completed,4,8,Yes
ORD-00386,2024-02-23,CUST-0200,Customer 200,Corporate,Middle East,UAE,Retail Store,Accessories,Webcam,10,835.88,0.0,8358.8,6808.39,1550.41,PayPal,Completed,1,3,Yes
ORD-00355,2024-02-23,CUST-0286,Customer 286,Consumer,North America,Canada,Retail Store,Technology,Laptop Pro 14,9,1335.48,0.08,11057.77,6649.93,4407.84,Cash,Completed,9,5,No
ORD-01171,2024-02-23,CUST-0270,Customer 270,Consumer,Asia Pacific,Singapore,Online,Office Supplies,Printer,9,1128.16,0.05,9645.77,6881.44,2764.33,Bank Transfer,Completed,2,5,Yes
ORD-01086,2024-02-23,CUST-0285,Customer 285,Corporate,Europe,Germany,Retail Store,Office Supplies,Premium Paper,9,1072.97,0.02,9463.6,4931.02,4532.58,Credit Card,Returned,7,8,Yes
ORD-01440,2024-02-23,CUST-0160,Customer 160,Consumer,Asia Pacific,India,Online,Office Supplies,Ink Cartridge,8,1286.87,0.02,10089.06,6759.95,3329.11,Bank Transfer,Completed,2,8,Yes
ORD-01353,2024-02-23,CUST-0049,Customer 49,Corporate,Europe,Germany,Online,Furniture,Conference Table,6,1430.07,0.1,7722.38,5674.62,2047.76,Cash,Completed,1,5,Yes
ORD-00093,2024-02-23,CUST-0187,Customer 187,Small Business,Middle East,Saudi Arabia,Retail Store,Office Supplies,Printer,3,1334.53,0.05,3803.41,2091.91,1711.5,Cash,Shipped,1,11,Yes
ORD-00913,2024-02-24,CUST-0217,Customer 217,Consumer,Asia Pacific,Singapore,Retail Store,Technology,Tablet X,9,407.69,0.05,3485.75,2841.6,644.15,PayPal,Shipped,12,9,No
ORD-00781,2024-02-24,CUST-0219,Customer 219,Consumer,Asia Pacific,Singapore,Online,Technology,Tablet X,2,1028.15,0.05,1953.48,1152.7,800.78,Credit Card,Shipped,12,8,No
ORD-01172,2024-02-24,CUST-0270,Customer 270,Corporate,Latin America,Mexico,Online,Accessories,USB-C Hub,6,444.72,0.05,2534.9,1452.81,1082.09,Cash,Completed,11,3,No
ORD-01083,2024-02-25,CUST-0165,Customer 165,Corporate,Europe,United Kingdom,Online,Accessories,Webcam,1,1370.58,0.05,1302.05,1025.94,276.11,Credit Card,Completed,10,8,No
ORD-00320,2024-02-25,CUST-0053,Customer 53,Consumer,North America,Canada,Retail Store,Accessories,USB-C Hub,1,1512.69,0.15,1285.79,788.65,497.14,Bank Transfer,Completed,12,3,No
ORD-00701,2024-02-26,CUST-0184,Customer 184,Small Business,Asia Pacific,India,Partner,Furniture,Standing Desk,4,630.22,0.08,2319.21,1445.95,873.26,Bank Transfer,Completed,5,5,Yes
ORD-00896,2024-02-26,CUST-0088,Customer 88,Consumer,North America,United States,Retail Store,Furniture,Conference Table,9,1387.04,0.0,12483.36,9179.15,3304.21,Cash,Completed,1,3,Yes
ORD-01073,2024-02-26,CUST-0260,Customer 260,Consumer,North America,United States,Online,Furniture,Conference Table,8,511.19,0.05,3885.04,2271.88,1613.16,Cash,Completed,10,8,No
ORD-01059,2024-02-26,CUST-0139,Customer 139,Small Business,Europe,United Kingdom,Retail Store,Furniture,Standing Desk,9,40.51,0.05,346.36,215.28,131.08,Cash,Shipped,13,4,No
ORD-00815,2024-02-26,CUST-0119,Customer 119,Corporate,Latin America,Brazil,Online,Technology,Business Monitor,3,1509.78,0.08,4166.99,2700.88,1466.11,PayPal,Completed,9,10,Yes
ORD-00595,2024-02-27,CUST-0176,Customer 176,Corporate,Latin America,Brazil,Partner,Accessories,Webcam,9,670.65,0.02,5915.13,4150.17,1764.96,PayPal,Completed,7,8,Yes
ORD-00367,2024-02-27,CUST-0152,Customer 152,Consumer,Latin America,Mexico,Retail Store,Technology,Business Monitor,7,1262.54,0.1,7954.0,4262.48,3691.52,Bank Transfer,Completed,13,5,No
ORD-00797,2024-02-28,CUST-0282,Customer 282,Corporate,Latin America,Mexico,Online,Accessories,Webcam,8,1267.1,0.1,9123.12,5002.05,4121.07,Bank Transfer,Completed,8,10,Yes
ORD-00036,2024-02-29,CUST-0110,Customer 110,Consumer,Middle East,Pakistan,Retail Store,Office Supplies,Printer,7,1327.49,0.1,8363.19,6673.55,1689.64,Credit Card,Completed,2,5,Yes
ORD-01001,2024-03-01,CUST-0259,Customer 259,Corporate,North America,United States,Online,Technology,Wireless Router,3,191.96,0.05,547.09,355.88,191.21,Cash,Shipped,11,3,No
ORD-01438,2024-03-02,CUST-0120,Customer 120,Corporate,Asia Pacific,Australia,Online,Accessories,USB-C Hub,6,1717.81,0.02,10100.72,5817.69,4283.03,Credit Card,Completed,10,6,No
ORD-01236,2024-03-02,CUST-0254,Customer 254,Corporate,Europe,France,Online,Accessories,Wireless Mouse,3,498.98,0.15,1272.4,746.78,525.62,Bank Transfer,Completed,13,10,No
ORD-00504,2024-03-02,CUST-0225,Customer 225,Corporate,Middle East,UAE,Online,Office Supplies,Office Organizer,4,1581.69,0.0,6326.76,4290.74,2036.02,Bank Transfer,Completed,13,8,No
ORD-00540,2024-03-03,CUST-0093,Customer 93,Consumer,North America,United States,Retail Store,Technology,Tablet X,6,860.67,0.15,4389.42,2470.52,1918.9,Cash,Completed,2,8,Yes
ORD-00571,2024-03-03,CUST-0199,Customer 199,Consumer,Asia Pacific,India,Online,Technology,Tablet X,10,113.67,0.08,0.0,545.71,0.0,Bank Transfer,Cancelled,1,6,Yes
ORD-00153,2024-03-04,CUST-0225,Customer 225,Consumer,North America,United States,Retail Store,Accessories,Mechanical Keyboard,10,237.15,0.0,2371.5,1635.27,736.23,PayPal,Completed,4,4,Yes
ORD-00981,2024-03-05,CUST-0278,Customer 278,Corporate,Europe,United Kingdom,Online,Office Supplies,Printer,1,884.64,0.0,884.64,515.18,369.46,PayPal,Completed,1,8,Yes
ORD-00684,2024-03-06,CUST-0007,Customer 7,Small Business,Asia Pacific,Singapore,Partner,Furniture,Conference Table,1,1265.37,0.02,1240.06,972.7,267.36,Credit Card,Completed,6,7,Yes
ORD-00455,2024-03-06,CUST-0054,Customer 54,Consumer,North America,Canada,Online,Office Supplies,Office Organizer,10,1464.08,0.08,13469.54,7790.63,5678.91,Credit Card,Completed,1,5,Yes
ORD-00828,2024-03-07,CUST-0140,Customer 140,Corporate,Europe,United Kingdom,Retail Store,Technology,Business Monitor,3,1298.1,0.08,3582.76,2674.02,908.74,Bank Transfer,Completed,11,5,No
ORD-01158,2024-03-07,CUST-0292,Customer 292,Corporate,Latin America,Brazil,Retail Store,Technology,Tablet X,5,1584.37,0.15,6733.57,4350.97,2382.6,PayPal,Completed,5,7,Yes
ORD-00805,2024-03-07,CUST-0068,Customer 68,Consumer,Europe,United Kingdom,Online,Accessories,USB-C Hub,2,615.54,0.0,1231.08,730.95,500.13,PayPal,Completed,14,8,No
ORD-00203,2024-03-07,CUST-0171,Customer 171,Consumer,North America,Canada,Retail Store,Technology,Tablet X,2,1382.2,0.15,2349.74,1608.07,741.67,Cash,Completed,4,9,Yes
ORD-00898,2024-03-07,CUST-0182,Customer 182,Consumer,Latin America,Brazil,Online,Office Supplies,Ink Cartridge,3,344.98,0.08,952.14,546.11,406.03,Bank Transfer,Completed,9,5,No
ORD-00123,2024-03-08,CUST-0084,Customer 84,Small Business,Europe,Germany,Online,Office Supplies,Premium Paper,9,1760.66,0.08,14578.26,8924.78,5653.48,Credit Card,Completed,13,7,No
ORD-00480,2024-03-08,CUST-0214,Customer 214,Corporate,Asia Pacific,India,Online,Technology,Business Monitor,2,173.1,0.02,339.28,231.1,108.18,Credit Card,Completed,5,9,Yes
ORD-00272,2024-03-08,CUST-0216,Customer 216,Corporate,Middle East,Saudi Arabia,Online,Furniture,Standing Desk,2,661.81,0.15,1125.08,594.58,530.5,PayPal,Completed,2,4,Yes
ORD-00533,2024-03-09,CUST-0096,Customer 96,Small Business,Latin America,Brazil,Online,Office Supplies,Office Organizer,2,978.92,0.05,1859.95,1088.4,771.55,Cash,Completed,1,6,Yes
ORD-00531,2024-03-10,CUST-0039,Customer 39,Small Business,Middle East,Saudi Arabia,Online,Furniture,Executive Chair,1,753.66,0.05,715.98,387.71,328.27,Credit Card,Completed,6,3,No
ORD-01216,2024-03-11,CUST-0011,Customer 11,Corporate,North America,United States,Online,Office Supplies,Ink Cartridge,9,425.55,0.05,3638.45,2102.2,1536.25,Bank Transfer,Completed,8,5,No
ORD-00507,2024-03-11,CUST-0113,Customer 113,Corporate,Latin America,Mexico,Online,Technology,Tablet X,5,565.66,0.0,2828.3,1957.89,870.41,Cash,Completed,3,4,Yes
ORD-00881,2024-03-12,CUST-0060,Customer 60,Consumer,North America,United States,Online,Technology,Tablet X,9,510.65,0.2,0.0,2835.1,0.0,PayPal,Cancelled,9,5,No
ORD-00176,2024-03-12,CUST-0242,Customer 242,Corporate,North America,Canada,Partner,Accessories,USB-C Hub,4,1480.72,0.05,5626.74,3394.78,2231.96,PayPal,Completed,9,9,Yes
ORD-00749,2024-03-14,CUST-0192,Customer 192,Small Business,Latin America,Brazil,Online,Office Supplies,Premium Paper,4,1343.93,0.08,4945.66,2871.01,2074.65,Cash,Completed,2,3,Yes
ORD-00242,2024-03-14,CUST-0214,Customer 214,Corporate,Latin America,Brazil,Retail Store,Furniture,Storage Cabinet,10,1098.96,0.15,9341.16,6183.01,3158.15,Cash,Completed,5,9,Yes
ORD-00861,2024-03-14,CUST-0228,Customer 228,Small Business,Middle East,Pakistan,Retail Store,Office Supplies,Ink Cartridge,10,1102.14,0.05,10470.33,6914.8,3555.53,Cash,Returned,2,3,Yes
ORD-00700,2024-03-14,CUST-0021,Customer 21,Corporate,Europe,Germany,Online,Technology,Laptop Pro 14,1,705.97,0.05,670.67,468.36,202.31,Bank Transfer,Completed,8,11,Yes
ORD-00219,2024-03-15,CUST-0150,Customer 150,Small Business,Asia Pacific,Australia,Partner,Technology,Wireless Router,4,1274.32,0.02,0.0,3869.99,0.0,Cash,Cancelled,14,11,No
ORD-00390,2024-03-15,CUST-0176,Customer 176,Corporate,Middle East,UAE,Online,Furniture,Standing Desk,3,1465.92,0.1,3957.98,2980.55,977.43,PayPal,Shipped,2,11,Yes
ORD-00644,2024-03-15,CUST-0067,Customer 67,Corporate,Europe,France,Online,Furniture,Conference Table,2,969.45,0.05,1841.96,1192.84,649.12,Credit Card,Returned,2,3,Yes
ORD-00082,2024-03-15,CUST-0136,Customer 136,Corporate,Asia Pacific,Singapore,Retail Store,Accessories,Mechanical Keyboard,2,1173.26,0.02,2299.59,1663.84,635.75,PayPal,Completed,13,3,No
ORD-01163,2024-03-16,CUST-0159,Customer 159,Consumer,Europe,Germany,Online,Office Supplies,Office Organizer,1,549.53,0.05,522.05,341.03,181.02,Bank Transfer,Completed,11,6,No
ORD-00798,2024-03-16,CUST-0030,Customer 30,Corporate,Asia Pacific,India,Partner,Technology,Laptop Pro 14,5,719.74,0.15,3058.9,2125.51,933.39,Credit Card,Completed,3,8,Yes
ORD-00170,2024-03-16,CUST-0030,Customer 30,Consumer,Asia Pacific,Singapore,Retail Store,Office Supplies,Ink Cartridge,1,840.06,0.15,714.05,526.92,187.13,Bank Transfer,Completed,13,10,No
ORD-00019,2024-03-16,CUST-0169,Customer 169,Corporate,Europe,Germany,Online,Office Supplies,Office Organizer,5,906.64,0.08,0.0,2793.28,0.0,Credit Card,Cancelled,9,6,No
ORD-00423,2024-03-17,CUST-0073,Customer 73,Consumer,North America,Canada,Partner,Technology,Business Monitor,9,1449.5,0.05,12393.22,8672.19,3721.03,PayPal,Completed,14,8,No
ORD-00202,2024-03-18,CUST-0035,Customer 35,Corporate,North America,United States,Online,Furniture,Executive Chair,5,1419.09,0.2,5676.36,3274.16,2402.2,Credit Card,Completed,8,5,No
ORD-01398,2024-03-18,CUST-0244,Customer 244,Small Business,North America,Canada,Retail Store,Technology,Business Monitor,3,1763.4,0.02,5184.4,2964.11,2220.29,Bank Transfer,Completed,3,3,Yes
ORD-00132,2024-03-18,CUST-0223,Customer 223,Corporate,North America,United States,Retail Store,Technology,Tablet X,6,566.55,0.05,3229.33,2094.63,1134.7,PayPal,Completed,3,8,Yes
ORD-00583,2024-03-19,CUST-0112,Customer 112,Consumer,Europe,United Kingdom,Online,Furniture,Standing Desk,7,1572.79,0.1,9908.58,6545.35,3363.23,Bank Transfer,Completed,10,8,No
ORD-01231,2024-03-19,CUST-0135,Customer 135,Corporate,Latin America,Brazil,Online,Technology,Laptop Pro 14,4,427.9,0.1,1540.44,1094.46,445.98,PayPal,Shipped,10,7,No
ORD-01284,2024-03-19,CUST-0056,Customer 56,Consumer,North America,Canada,Online,Furniture,Standing Desk,1,1625.97,0.05,1544.67,1227.18,317.49,Bank Transfer,Completed,12,11,No
ORD-01129,2024-03-20,CUST-0115,Customer 115,Consumer,Europe,France,Retail Store,Office Supplies,Printer,3,1106.83,0.05,3154.47,1989.22,1165.25,Cash,Completed,3,7,Yes
ORD-00814,2024-03-20,CUST-0142,Customer 142,Consumer,Latin America,Mexico,Online,Technology,Wireless Router,6,711.17,0.02,4181.68,3030.99,1150.69,Credit Card,Completed,10,9,No
ORD-01346,2024-03-20,CUST-0240,Customer 240,Corporate,Europe,France,Online,Furniture,Executive Chair,3,1233.34,0.0,3700.02,2397.87,1302.15,Credit Card,Completed,13,9,No
ORD-01313,2024-03-21,CUST-0091,Customer 91,Corporate,Asia Pacific,India,Online,Furniture,Standing Desk,5,1578.85,0.1,7104.82,5687.75,1417.07,Bank Transfer,Completed,11,4,No
ORD-01016,2024-03-23,CUST-0290,Customer 290,Corporate,Latin America,Brazil,Partner,Technology,Tablet X,8,1300.59,0.0,10404.72,7470.35,2934.37,Credit Card,Completed,12,7,No
ORD-01414,2024-03-23,CUST-0222,Customer 222,Consumer,North America,United States,Online,Technology,Tablet X,6,1127.7,0.05,6427.89,3904.65,2523.24,Credit Card,Completed,6,11,Yes
ORD-01217,2024-03-24,CUST-0225,Customer 225,Consumer,North America,United States,Retail Store,Accessories,Webcam,1,319.9,0.15,271.91,170.44,101.47,Bank Transfer,Returned,6,6,Yes
ORD-01127,2024-03-24,CUST-0288,Customer 288,Consumer,North America,United States,Online,Furniture,Storage Cabinet,4,622.59,0.15,0.0,1111.65,0.0,Credit Card,Cancelled,6,5,No
ORD-00256,2024-03-26,CUST-0226,Customer 226,Small Business,Asia Pacific,Australia,Online,Accessories,USB-C Hub,8,466.75,0.08,3435.28,2418.5,1016.78,Bank Transfer,Completed,10,9,No
ORD-00941,2024-03-26,CUST-0013,Customer 13,Corporate,North America,United States,Partner,Office Supplies,Office Organizer,6,1264.84,0.1,6830.14,3758.94,3071.2,Bank Transfer,Completed,10,11,Yes
ORD-00164,2024-03-26,CUST-0146,Customer 146,Corporate,Asia Pacific,India,Online,Office Supplies,Premium Paper,8,1333.54,0.08,9814.85,6744.43,3070.42,Credit Card,Shipped,1,3,Yes
ORD-00606,2024-03-27,CUST-0008,Customer 8,Consumer,Europe,Germany,Partner,Accessories,Mechanical Keyboard,10,233.11,0.08,2144.61,1649.29,495.32,Credit Card,Completed,4,10,Yes
ORD-01314,2024-03-27,CUST-0135,Customer 135,Corporate,Middle East,UAE,Online,Accessories,Wireless Mouse,9,336.04,0.05,2873.14,2317.11,556.03,PayPal,Returned,8,4,No
ORD-01382,2024-03-27,CUST-0146,Customer 146,Corporate,Europe,United Kingdom,Online,Technology,Tablet X,10,1072.62,0.1,9653.58,5294.5,4359.08,Cash,Completed,6,7,Yes
ORD-00964,2024-03-27,CUST-0049,Customer 49,Consumer,Europe,France,Online,Accessories,Webcam,8,1322.92,0.15,8995.86,5196.93,3798.93,PayPal,Completed,8,9,Yes
ORD-00305,2024-03-28,CUST-0122,Customer 122,Corporate,Middle East,Pakistan,Online,Furniture,Conference Table,3,45.19,0.02,132.86,73.3,59.56,Cash,Completed,8,4,No
ORD-00449,2024-03-28,CUST-0053,Customer 53,Consumer,Europe,Germany,Retail Store,Office Supplies,Premium Paper,5,791.7,0.0,3958.5,2755.95,1202.55,Credit Card,Completed,12,10,No
ORD-01023,2024-03-29,CUST-0242,Customer 242,Consumer,Latin America,Mexico,Retail Store,Technology,Laptop Pro 14,10,1234.88,0.08,11360.9,8886.49,2474.41,Cash,Completed,7,3,No
ORD-01341,2024-03-31,CUST-0147,Customer 147,Corporate,North America,United States,Online,Furniture,Storage Cabinet,2,1418.87,0.05,2695.85,1775.92,919.93,PayPal,Completed,4,7,Yes
ORD-00399,2024-03-31,CUST-0034,Customer 34,Corporate,Middle East,Saudi Arabia,Online,Technology,Wireless Router,6,707.64,0.02,4160.92,3046.38,1114.54,PayPal,Shipped,9,7,No
ORD-00033,2024-04-02,CUST-0033,Customer 33,Consumer,North America,Canada,Partner,Technology,Laptop Pro 14,8,1144.69,0.08,0.0,5588.78,0.0,Cash,Cancelled,9,11,Yes
ORD-00776,2024-04-03,CUST-0200,Customer 200,Small Business,North America,Canada,Online,Furniture,Storage Cabinet,3,542.14,0.0,1626.42,1038.28,588.14,Credit Card,Completed,6,5,No
ORD-01207,2024-04-03,CUST-0059,Customer 59,Consumer,Asia Pacific,Australia,Partner,Technology,Business Monitor,3,1018.02,0.02,2992.98,1708.69,1284.29,PayPal,Completed,11,10,No
ORD-01234,2024-04-04,CUST-0176,Customer 176,Corporate,North America,Canada,Retail Store,Technology,Laptop Pro 14,10,599.13,0.0,5991.3,4858.1,1133.2,Bank Transfer,Completed,9,10,Yes
ORD-00750,2024-04-05,CUST-0237,Customer 237,Consumer,Asia Pacific,India,Online,Furniture,Standing Desk,1,717.07,0.0,717.07,439.51,277.56,PayPal,Completed,1,10,Yes
ORD-01320,2024-04-05,CUST-0073,Customer 73,Corporate,North America,Canada,Retail Store,Technology,Laptop Pro 14,1,435.48,0.02,426.77,293.45,133.32,Cash,Completed,7,6,No
ORD-00008,2024-04-06,CUST-0098,Customer 98,Consumer,Latin America,Brazil,Online,Accessories,USB-C Hub,9,95.32,0.02,840.72,479.98,360.74,Credit Card,Completed,8,5,No
ORD-00696,2024-04-06,CUST-0182,Customer 182,Consumer,Asia Pacific,India,Online,Accessories,USB-C Hub,4,744.81,0.02,2919.66,2365.5,554.16,Credit Card,Completed,1,4,Yes
ORD-00585,2024-04-07,CUST-0049,Customer 49,Consumer,Asia Pacific,Singapore,Retail Store,Accessories,Mechanical Keyboard,5,638.12,0.15,2712.01,1645.28,1066.73,Bank Transfer,Completed,11,9,No
ORD-01031,2024-04-09,CUST-0294,Customer 294,Corporate,North America,United States,Online,Accessories,Webcam,4,725.96,0.08,2671.53,1867.05,804.48,Bank Transfer,Completed,13,3,No
ORD-00656,2024-04-11,CUST-0288,Customer 288,Consumer,North America,Canada,Retail Store,Furniture,Storage Cabinet,5,173.15,0.02,848.44,490.03,358.41,Cash,Completed,8,9,Yes
ORD-00246,2024-04-11,CUST-0017,Customer 17,Consumer,Latin America,Mexico,Online,Accessories,Webcam,3,1604.32,0.05,4572.31,2856.32,1715.99,Credit Card,Completed,11,7,No
ORD-00375,2024-04-12,CUST-0277,Customer 277,Corporate,North America,United States,Partner,Office Supplies,Printer,10,578.01,0.0,5780.1,4687.79,1092.31,PayPal,Completed,8,8,Yes
ORD-00679,2024-04-12,CUST-0022,Customer 22,Corporate,Latin America,Mexico,Online,Accessories,Mechanical Keyboard,8,1160.19,0.1,8353.37,6003.81,2349.56,Cash,Completed,9,11,Yes
ORD-01466,2024-04-12,CUST-0209,Customer 209,Corporate,North America,United States,Online,Office Supplies,Premium Paper,2,258.35,0.0,516.7,397.78,118.92,PayPal,Completed,7,7,Yes
ORD-01402,2024-04-12,CUST-0085,Customer 85,Corporate,North America,Canada,Retail Store,Furniture,Storage Cabinet,6,1135.91,0.0,6815.46,4647.13,2168.33,Cash,Completed,3,10,Yes
ORD-00844,2024-04-13,CUST-0061,Customer 61,Consumer,Latin America,Brazil,Partner,Furniture,Standing Desk,4,334.53,0.05,1271.21,932.51,338.7,Cash,Completed,14,3,No
ORD-00383,2024-04-15,CUST-0285,Customer 285,Corporate,Asia Pacific,Singapore,Online,Furniture,Standing Desk,7,333.39,0.1,2100.36,1445.75,654.61,PayPal,Shipped,7,9,Yes
ORD-00876,2024-04-15,CUST-0211,Customer 211,Corporate,North America,Canada,Online,Accessories,Mechanical Keyboard,5,644.24,0.08,2963.5,1566.17,1397.33,Credit Card,Completed,6,6,Yes
ORD-00598,2024-04-16,CUST-0239,Customer 239,Consumer,North America,Canada,Partner,Technology,Laptop Pro 14,5,1595.26,0.02,7816.77,4750.25,3066.52,Cash,Completed,8,4,No
ORD-00927,2024-04-16,CUST-0165,Customer 165,Small Business,North America,Canada,Retail Store,Office Supplies,Ink Cartridge,5,388.02,0.02,1901.3,1021.79,879.51,PayPal,Completed,12,8,No
ORD-00273,2024-04-16,CUST-0088,Customer 88,Small Business,Latin America,Mexico,Online,Technology,Business Monitor,2,753.64,0.1,1356.55,711.47,645.08,Bank Transfer,Completed,2,7,Yes
ORD-00546,2024-04-16,CUST-0092,Customer 92,Corporate,Europe,United Kingdom,Retail Store,Office Supplies,Ink Cartridge,6,1666.49,0.1,8999.05,7319.55,1679.5,Cash,Completed,2,3,Yes
ORD-00697,2024-04-17,CUST-0097,Customer 97,Consumer,Europe,United Kingdom,Online,Technology,Tablet X,7,215.73,0.15,1283.59,979.92,303.67,Credit Card,Completed,14,4,No
ORD-01424,2024-04-17,CUST-0002,Customer 2,Consumer,North America,Canada,Online,Technology,Business Monitor,8,115.28,0.0,922.24,576.3,345.94,PayPal,Completed,4,10,Yes
ORD-01145,2024-04-19,CUST-0108,Customer 108,Corporate,North America,United States,Partner,Technology,Tablet X,1,494.27,0.15,420.13,341.63,78.5,Cash,Completed,2,5,Yes
ORD-01345,2024-04-20,CUST-0053,Customer 53,Corporate,Middle East,Pakistan,Online,Technology,Wireless Router,4,196.05,0.05,744.99,467.94,277.05,Bank Transfer,Completed,1,3,Yes
ORD-00388,2024-04-20,CUST-0098,Customer 98,Corporate,North America,Canada,Online,Accessories,Wireless Mouse,3,1248.24,0.1,3370.25,2524.38,845.87,Cash,Completed,3,8,Yes
ORD-01238,2024-04-20,CUST-0107,Customer 107,Small Business,Europe,United Kingdom,Online,Technology,Laptop Pro 14,6,1278.31,0.02,7516.46,4114.32,3402.14,Credit Card,Completed,3,3,Yes
ORD-01115,2024-04-20,CUST-0066,Customer 66,Corporate,Asia Pacific,Australia,Online,Accessories,USB-C Hub,9,1474.92,0.05,12610.57,6650.77,5959.8,Bank Transfer,Completed,10,7,No
ORD-00150,2024-04-20,CUST-0158,Customer 158,Consumer,North America,Canada,Retail Store,Technology,Tablet X,10,948.63,0.05,9011.98,5874.44,3137.54,Cash,Completed,1,5,Yes
ORD-00637,2024-04-20,CUST-0271,Customer 271,Consumer,Asia Pacific,India,Retail Store,Accessories,Mechanical Keyboard,7,974.53,0.08,0.0,5126.65,0.0,Cash,Cancelled,8,3,No
ORD-00470,2024-04-20,CUST-0046,Customer 46,Consumer,Latin America,Mexico,Online,Accessories,Mechanical Keyboard,5,137.89,0.0,689.45,455.11,234.34,Bank Transfer,Completed,3,5,Yes
ORD-00129,2024-04-20,CUST-0158,Customer 158,Consumer,North America,Canada,Online,Accessories,Webcam,6,804.63,0.05,4586.39,3449.44,1136.95,Cash,Completed,6,4,No
ORD-01005,2024-04-20,CUST-0255,Customer 255,Consumer,Middle East,Pakistan,Retail Store,Furniture,Executive Chair,2,1014.23,0.02,1987.89,1156.11,831.78,Bank Transfer,Completed,7,11,Yes
ORD-00105,2024-04-21,CUST-0159,Customer 159,Small Business,Latin America,Mexico,Online,Technology,Tablet X,3,622.42,0.05,0.0,1068.8,0.0,Credit Card,Cancelled,7,9,Yes
ORD-01077,2024-04-21,CUST-0058,Customer 58,Consumer,Europe,Germany,Online,Office Supplies,Premium Paper,5,1222.34,0.08,5622.76,4356.66,1266.1,Credit Card,Completed,8,6,No
ORD-00787,2024-04-21,CUST-0084,Customer 84,Small Business,Asia Pacific,Singapore,Retail Store,Office Supplies,Ink Cartridge,6,485.08,0.05,2764.96,1938.2,826.76,Bank Transfer,Completed,5,4,No
ORD-00918,2024-04-22,CUST-0132,Customer 132,Small Business,Latin America,Mexico,Online,Furniture,Standing Desk,3,61.41,0.08,169.49,128.38,41.11,Cash,Completed,4,11,Yes
ORD-00348,2024-04-22,CUST-0112,Customer 112,Small Business,North America,Canada,Online,Furniture,Standing Desk,7,974.19,0.05,6478.36,3749.36,2729.0,Bank Transfer,Completed,4,5,Yes
ORD-00936,2024-04-23,CUST-0151,Customer 151,Consumer,North America,United States,Retail Store,Accessories,USB-C Hub,7,234.63,0.0,1642.41,995.64,646.77,Bank Transfer,Completed,2,11,Yes
ORD-01426,2024-04-23,CUST-0064,Customer 64,Consumer,Latin America,Mexico,Retail Store,Office Supplies,Office Organizer,7,1643.33,0.02,11273.24,7609.89,3663.35,PayPal,Returned,12,7,No
ORD-00057,2024-04-23,CUST-0147,Customer 147,Consumer,North America,Canada,Online,Furniture,Executive Chair,1,436.4,0.0,0.0,300.97,0.0,Bank Transfer,Cancelled,6,10,Yes
ORD-00282,2024-04-24,CUST-0026,Customer 26,Small Business,Europe,United Kingdom,Partner,Technology,Tablet X,10,1681.12,0.05,15970.64,8370.18,7600.46,Bank Transfer,Completed,11,8,No
ORD-00210,2024-04-24,CUST-0181,Customer 181,Corporate,North America,United States,Online,Accessories,USB-C Hub,7,616.31,0.08,3969.04,2152.41,1816.63,Cash,Completed,6,5,No
ORD-00718,2024-04-26,CUST-0190,Customer 190,Corporate,Latin America,Mexico,Retail Store,Technology,Laptop Pro 14,6,1339.32,0.0,8035.92,5113.24,2922.68,Bank Transfer,Completed,7,3,No
ORD-00910,2024-04-27,CUST-0125,Customer 125,Consumer,Europe,United Kingdom,Partner,Furniture,Storage Cabinet,7,992.26,0.15,5903.95,4031.28,1872.67,PayPal,Completed,10,8,No
ORD-00477,2024-04-27,CUST-0068,Customer 68,Consumer,North America,Canada,Retail Store,Technology,Business Monitor,1,648.76,0.05,616.32,478.56,137.76,PayPal,Completed,13,6,No
ORD-00418,2024-04-27,CUST-0265,Customer 265,Small Business,Europe,Germany,Online,Technology,Wireless Router,4,985.15,0.1,3546.54,2895.81,650.73,Bank Transfer,Completed,13,5,No
ORD-00887,2024-04-28,CUST-0171,Customer 171,Small Business,Asia Pacific,Australia,Online,Furniture,Standing Desk,2,294.27,0.05,559.11,394.83,164.28,Bank Transfer,Shipped,6,9,Yes
ORD-00488,2024-04-28,CUST-0091,Customer 91,Corporate,Europe,France,Online,Furniture,Storage Cabinet,6,774.97,0.0,4649.82,3301.06,1348.76,Bank Transfer,Completed,1,9,Yes
ORD-00007,2024-04-29,CUST-0285,Customer 285,Corporate,North America,Canada,Retail Store,Technology,Business Monitor,5,816.74,0.1,3675.33,2150.09,1525.24,Credit Card,Completed,6,11,Yes
ORD-00880,2024-04-29,CUST-0070,Customer 70,Corporate,North America,Canada,Retail Store,Office Supplies,Printer,8,426.21,0.05,3239.2,2322.5,916.7,PayPal,Shipped,4,10,Yes
ORD-00009,2024-04-29,CUST-0211,Customer 211,Corporate,Asia Pacific,Singapore,Partner,Office Supplies,Printer,7,599.19,0.15,3565.18,1854.06,1711.12,Cash,Completed,5,9,Yes
ORD-01195,2024-04-29,CUST-0059,Customer 59,Consumer,North America,Canada,Online,Furniture,Executive Chair,4,1613.01,0.1,5806.84,4194.47,1612.37,PayPal,Completed,13,10,No
ORD-00543,2024-04-30,CUST-0109,Customer 109,Small Business,North America,United States,Retail Store,Furniture,Storage Cabinet,6,501.67,0.05,2859.52,1978.61,880.91,Bank Transfer,Completed,10,10,Yes
ORD-00147,2024-05-01,CUST-0064,Customer 64,Corporate,Asia Pacific,Australia,Online,Office Supplies,Office Organizer,6,1573.28,0.08,8684.51,6019.03,2665.48,Credit Card,Completed,7,9,Yes
ORD-01361,2024-05-02,CUST-0022,Customer 22,Small Business,Latin America,Mexico,Partner,Furniture,Standing Desk,9,1059.79,0.1,8584.3,6865.28,1719.02,Bank Transfer,Completed,11,5,No
ORD-01319,2024-05-02,CUST-0023,Customer 23,Small Business,North America,United States,Online,Technology,Business Monitor,2,1603.45,0.15,2725.86,1882.6,843.26,PayPal,Completed,10,6,No
ORD-00468,2024-05-03,CUST-0212,Customer 212,Corporate,Latin America,Brazil,Online,Technology,Tablet X,9,1523.65,0.15,11655.92,7254.19,4401.73,Cash,Completed,5,4,No
ORD-00940,2024-05-03,CUST-0294,Customer 294,Consumer,Asia Pacific,India,Online,Accessories,Wireless Mouse,7,1724.29,0.15,10259.53,5342.74,4916.79,Bank Transfer,Completed,11,5,No
ORD-01472,2024-05-04,CUST-0209,Customer 209,Consumer,Middle East,Pakistan,Online,Technology,Business Monitor,5,896.48,0.15,3810.04,2598.39,1211.65,Credit Card,Completed,13,11,No
ORD-00459,2024-05-04,CUST-0252,Customer 252,Small Business,North America,United States,Online,Technology,Tablet X,2,1299.58,0.02,2547.18,2055.5,491.68,PayPal,Returned,3,6,Yes
ORD-00310,2024-05-05,CUST-0239,Customer 239,Corporate,North America,Canada,Online,Furniture,Conference Table,3,1274.2,0.05,3631.47,1967.55,1663.92,Bank Transfer,Shipped,11,10,No
ORD-01435,2024-05-05,CUST-0183,Customer 183,Consumer,North America,Canada,Retail Store,Technology,Tablet X,7,581.23,0.0,4068.61,2741.5,1327.11,PayPal,Returned,13,10,No
ORD-01043,2024-05-09,CUST-0035,Customer 35,Corporate,Europe,France,Online,Accessories,Webcam,10,409.23,0.05,3887.68,2736.62,1151.06,PayPal,Completed,6,7,Yes
ORD-00949,2024-05-09,CUST-0157,Customer 157,Corporate,Latin America,Mexico,Partner,Technology,Tablet X,8,385.19,0.0,3081.52,2167.43,914.09,PayPal,Completed,3,8,Yes
ORD-00882,2024-05-10,CUST-0179,Customer 179,Corporate,Asia Pacific,Australia,Retail Store,Accessories,USB-C Hub,4,463.39,0.0,1853.56,1171.44,682.12,Bank Transfer,Completed,6,6,Yes
ORD-01293,2024-05-10,CUST-0134,Customer 134,Small Business,Asia Pacific,Singapore,Retail Store,Technology,Tablet X,10,643.15,0.1,5788.35,3337.44,2450.91,Credit Card,Completed,5,10,Yes
ORD-00639,2024-05-11,CUST-0062,Customer 62,Corporate,North America,Canada,Retail Store,Office Supplies,Ink Cartridge,7,1267.35,0.02,8694.02,5867.61,2826.41,Bank Transfer,Completed,3,7,Yes
ORD-01194,2024-05-11,CUST-0300,Customer 300,Small Business,Asia Pacific,Singapore,Online,Office Supplies,Printer,2,923.81,0.0,1847.62,1467.77,379.85,Bank Transfer,Completed,3,5,Yes
ORD-00801,2024-05-11,CUST-0132,Customer 132,Consumer,Asia Pacific,India,Online,Office Supplies,Printer,3,1058.64,0.08,0.0,2179.58,0.0,Bank Transfer,Cancelled,14,10,No
ORD-00328,2024-05-12,CUST-0149,Customer 149,Consumer,Asia Pacific,Australia,Online,Technology,Wireless Router,7,1092.75,0.02,7496.26,4191.43,3304.83,Bank Transfer,Completed,5,3,No
ORD-01112,2024-05-12,CUST-0292,Customer 292,Small Business,North America,United States,Retail Store,Accessories,USB-C Hub,4,608.27,0.05,2311.43,1857.15,454.28,Bank Transfer,Completed,9,11,Yes
ORD-01280,2024-05-12,CUST-0218,Customer 218,Consumer,Europe,Germany,Online,Furniture,Standing Desk,1,1439.2,0.15,1223.32,724.74,498.58,Credit Card,Completed,9,11,Yes
ORD-00654,2024-05-13,CUST-0110,Customer 110,Consumer,Middle East,Pakistan,Online,Furniture,Conference Table,1,1780.37,0.1,1602.33,1129.37,472.96,Credit Card,Completed,9,3,No
ORD-01448,2024-05-15,CUST-0049,Customer 49,Consumer,Middle East,UAE,Partner,Furniture,Standing Desk,5,1721.67,0.05,8177.93,5654.41,2523.52,Credit Card,Completed,7,4,No
ORD-00380,2024-05-15,CUST-0114,Customer 114,Consumer,Europe,United Kingdom,Retail Store,Technology,Wireless Router,7,1395.49,0.02,9573.06,7268.31,2304.75,Cash,Completed,11,6,No
ORD-01197,2024-05-15,CUST-0103,Customer 103,Corporate,Latin America,Brazil,Online,Office Supplies,Premium Paper,9,1460.01,0.05,12483.09,9720.76,2762.33,Bank Transfer,Returned,5,6,Yes
ORD-00421,2024-05-15,CUST-0281,Customer 281,Corporate,Middle East,Saudi Arabia,Online,Technology,Wireless Router,2,1627.46,0.05,3092.17,2434.68,657.49,PayPal,Shipped,8,10,Yes
ORD-01443,2024-05-15,CUST-0238,Customer 238,Corporate,Asia Pacific,India,Partner,Office Supplies,Premium Paper,6,429.47,0.02,2525.28,1676.51,848.77,Credit Card,Completed,11,9,No
ORD-00878,2024-05-16,CUST-0183,Customer 183,Consumer,Asia Pacific,India,Online,Technology,Business Monitor,9,903.13,0.15,6908.94,3951.64,2957.3,PayPal,Completed,7,11,Yes
ORD-00667,2024-05-16,CUST-0119,Customer 119,Small Business,North America,United States,Partner,Accessories,Mechanical Keyboard,7,645.6,0.08,4157.66,2693.52,1464.14,Credit Card,Completed,11,8,No
ORD-01047,2024-05-17,CUST-0125,Customer 125,Consumer,North America,United States,Retail Store,Furniture,Storage Cabinet,5,1570.38,0.02,7694.86,4494.09,3200.77,Credit Card,Completed,7,9,Yes
ORD-00239,2024-05-18,CUST-0010,Customer 10,Corporate,Asia Pacific,Australia,Retail Store,Furniture,Conference Table,7,848.72,0.05,5643.99,4323.4,1320.59,Credit Card,Completed,1,4,Yes
ORD-00584,2024-05-18,CUST-0069,Customer 69,Corporate,Europe,France,Online,Office Supplies,Office Organizer,5,1205.46,0.08,5545.12,3590.25,1954.87,Credit Card,Completed,12,7,No
ORD-01437,2024-05-19,CUST-0132,Customer 132,Consumer,Europe,United Kingdom,Retail Store,Technology,Laptop Pro 14,6,531.42,0.15,2710.24,1783.0,927.24,Bank Transfer,Completed,13,10,No
ORD-00510,2024-05-19,CUST-0070,Customer 70,Corporate,Middle East,UAE,Retail Store,Technology,Business Monitor,2,979.05,0.05,1860.2,1221.84,638.36,Bank Transfer,Completed,9,11,Yes
ORD-01050,2024-05-20,CUST-0188,Customer 188,Consumer,North America,Canada,Online,Office Supplies,Premium Paper,1,973.82,0.1,876.44,568.43,308.01,Bank Transfer,Completed,8,6,No
ORD-00678,2024-05-21,CUST-0237,Customer 237,Consumer,Europe,Germany,Retail Store,Technology,Wireless Router,6,1329.38,0.08,7338.18,4452.97,2885.21,Bank Transfer,Completed,7,5,No
ORD-01237,2024-05-21,CUST-0008,Customer 8,Small Business,Latin America,Brazil,Partner,Technology,Laptop Pro 14,3,98.1,0.02,288.41,195.45,92.96,Bank Transfer,Shipped,7,8,Yes
ORD-00415,2024-05-21,CUST-0092,Customer 92,Consumer,Asia Pacific,India,Online,Furniture,Storage Cabinet,2,425.95,0.05,809.3,423.61,385.69,Cash,Completed,3,3,Yes
ORD-00497,2024-05-21,CUST-0298,Customer 298,Small Business,Asia Pacific,Australia,Partner,Technology,Tablet X,4,373.48,0.08,1374.41,878.22,496.19,PayPal,Completed,2,7,Yes
ORD-00085,2024-05-21,CUST-0248,Customer 248,Consumer,Europe,United Kingdom,Partner,Accessories,Mechanical Keyboard,8,1540.85,0.08,11340.66,9006.12,2334.54,Credit Card,Completed,2,11,Yes
ORD-00015,2024-05-22,CUST-0262,Customer 262,Corporate,North America,Canada,Online,Accessories,Webcam,9,210.91,0.15,1613.46,1031.63,581.83,Bank Transfer,Completed,13,8,No
ORD-00764,2024-05-22,CUST-0155,Customer 155,Consumer,Middle East,Saudi Arabia,Online,Technology,Business Monitor,4,807.68,0.08,2972.26,1912.86,1059.4,Credit Card,Completed,1,6,Yes
ORD-00215,2024-05-22,CUST-0100,Customer 100,Corporate,Middle East,Saudi Arabia,Retail Store,Technology,Wireless Router,3,1115.46,0.0,3346.38,2291.52,1054.86,Bank Transfer,Completed,3,9,Yes
ORD-00060,2024-05-22,CUST-0023,Customer 23,Consumer,Europe,United Kingdom,Online,Accessories,Wireless Mouse,5,1110.67,0.15,4720.35,3004.1,1716.25,Cash,Completed,14,6,No
ORD-00848,2024-05-23,CUST-0157,Customer 157,Corporate,Latin America,Mexico,Online,Accessories,Webcam,5,1295.36,0.1,5829.12,4611.56,1217.56,PayPal,Completed,10,10,Yes
ORD-00635,2024-05-23,CUST-0093,Customer 93,Corporate,North America,United States,Partner,Technology,Wireless Router,9,317.95,0.05,2718.47,2118.2,600.27,Credit Card,Returned,13,6,No
ORD-01445,2024-05-23,CUST-0067,Customer 67,Corporate,Latin America,Brazil,Partner,Furniture,Storage Cabinet,6,371.78,0.05,2119.15,1462.04,657.11,Cash,Completed,11,6,No
ORD-00811,2024-05-23,CUST-0200,Customer 200,Consumer,Latin America,Mexico,Online,Furniture,Conference Table,5,830.28,0.2,3321.12,2645.0,676.12,Cash,Completed,2,4,Yes
ORD-00107,2024-05-23,CUST-0256,Customer 256,Corporate,Europe,United Kingdom,Retail Store,Office Supplies,Printer,8,1179.95,0.08,8684.43,4525.66,4158.77,Credit Card,Completed,5,9,Yes
ORD-01032,2024-05-24,CUST-0044,Customer 44,Small Business,Asia Pacific,India,Retail Store,Furniture,Storage Cabinet,2,1526.34,0.02,2991.63,2071.2,920.43,Credit Card,Completed,4,7,Yes
ORD-00836,2024-05-24,CUST-0256,Customer 256,Consumer,Europe,France,Online,Technology,Tablet X,8,366.89,0.0,2935.12,1665.6,1269.52,Bank Transfer,Completed,6,3,No
ORD-00934,2024-05-24,CUST-0238,Customer 238,Consumer,Asia Pacific,Singapore,Retail Store,Accessories,USB-C Hub,4,1775.96,0.1,6393.46,4247.77,2145.69,PayPal,Completed,6,4,No
ORD-00460,2024-05-25,CUST-0284,Customer 284,Small Business,North America,Canada,Partner,Accessories,Webcam,5,717.16,0.05,3406.51,2121.51,1285.0,PayPal,Completed,4,9,Yes
ORD-00405,2024-05-25,CUST-0168,Customer 168,Corporate,Europe,Germany,Retail Store,Accessories,Webcam,3,175.83,0.02,516.94,329.16,187.78,Bank Transfer,Completed,2,8,Yes
ORD-00092,2024-05-25,CUST-0174,Customer 174,Consumer,Middle East,Saudi Arabia,Online,Furniture,Conference Table,7,1079.73,0.05,7180.2,5624.45,1555.75,Bank Transfer,Completed,7,9,Yes
ORD-00788,2024-05-25,CUST-0136,Customer 136,Consumer,Europe,Germany,Online,Accessories,Webcam,2,498.4,0.1,897.12,646.53,250.59,PayPal,Completed,1,3,Yes
ORD-01182,2024-05-25,CUST-0242,Customer 242,Small Business,Europe,United Kingdom,Partner,Office Supplies,Premium Paper,1,825.06,0.15,701.3,422.44,278.86,Credit Card,Completed,12,9,No
ORD-00683,2024-05-26,CUST-0044,Customer 44,Consumer,North America,United States,Partner,Office Supplies,Premium Paper,3,925.89,0.15,2361.02,1679.2,681.82,Bank Transfer,Shipped,7,5,No
ORD-01328,2024-05-27,CUST-0013,Customer 13,Corporate,Middle East,Pakistan,Partner,Technology,Wireless Router,8,574.09,0.0,4592.72,3153.62,1439.1,Cash,Completed,12,4,No
ORD-01282,2024-05-27,CUST-0227,Customer 227,Consumer,Asia Pacific,India,Online,Furniture,Executive Chair,10,439.39,0.2,3515.12,2017.18,1497.94,PayPal,Completed,12,5,No
ORD-01078,2024-05-27,CUST-0203,Customer 203,Consumer,Asia Pacific,Australia,Partner,Office Supplies,Ink Cartridge,8,718.29,0.0,5746.32,4049.74,1696.58,Credit Card,Completed,3,6,Yes
ORD-00148,2024-05-28,CUST-0048,Customer 48,Consumer,Europe,Germany,Retail Store,Office Supplies,Printer,1,891.01,0.15,757.36,588.07,169.29,Cash,Completed,3,7,Yes
ORD-00594,2024-05-28,CUST-0117,Customer 117,Corporate,Europe,France,Online,Technology,Wireless Router,2,938.98,0.08,1727.72,1184.18,543.54,Cash,Completed,6,5,No
ORD-01296,2024-05-29,CUST-0132,Customer 132,Consumer,North America,Canada,Retail Store,Accessories,Wireless Mouse,9,950.84,0.05,8129.68,5525.22,2604.46,Cash,Completed,10,11,Yes
ORD-00699,2024-05-30,CUST-0034,Customer 34,Corporate,North America,Canada,Online,Office Supplies,Ink Cartridge,5,125.61,0.0,0.0,349.53,0.0,PayPal,Cancelled,5,10,Yes
ORD-01004,2024-05-30,CUST-0096,Customer 96,Consumer,Middle East,Pakistan,Online,Furniture,Storage Cabinet,1,1306.97,0.02,1280.83,876.03,404.8,Credit Card,Completed,11,6,No
ORD-00175,2024-05-31,CUST-0191,Customer 191,Consumer,Asia Pacific,Singapore,Online,Furniture,Executive Chair,3,947.04,0.02,2784.3,1581.43,1202.87,Cash,Completed,13,7,No
ORD-01148,2024-05-31,CUST-0076,Customer 76,Small Business,Asia Pacific,India,Online,Technology,Tablet X,2,1639.92,0.02,0.0,2590.64,0.0,Bank Transfer,Cancelled,1,4,Yes
ORD-01144,2024-06-01,CUST-0141,Customer 141,Corporate,Asia Pacific,Singapore,Online,Accessories,Mechanical Keyboard,1,212.92,0.1,191.63,123.46,68.17,Bank Transfer,Returned,14,11,No
ORD-00914,2024-06-01,CUST-0282,Customer 282,Small Business,Europe,Germany,Online,Technology,Laptop Pro 14,3,921.26,0.05,2625.59,1723.63,901.96,PayPal,Completed,6,11,Yes
ORD-00160,2024-06-01,CUST-0071,Customer 71,Consumer,Middle East,Pakistan,Online,Furniture,Conference Table,6,836.79,0.08,4619.08,3616.99,1002.09,Cash,Completed,6,5,No
ORD-00573,2024-06-01,CUST-0264,Customer 264,Consumer,Europe,United Kingdom,Online,Furniture,Conference Table,6,1298.85,0.15,6624.13,5428.42,1195.71,Bank Transfer,Completed,5,6,Yes
ORD-00011,2024-06-01,CUST-0274,Customer 274,Corporate,North America,United States,Online,Technology,Wireless Router,8,1252.32,0.02,9818.19,5432.69,4385.5,PayPal,Completed,3,9,Yes
ORD-00831,2024-06-03,CUST-0128,Customer 128,Consumer,North America,Canada,Online,Furniture,Standing Desk,10,339.66,0.15,2887.11,2260.92,626.19,Credit Card,Completed,11,4,No
ORD-00753,2024-06-03,CUST-0278,Customer 278,Consumer,Asia Pacific,India,Retail Store,Office Supplies,Printer,1,1574.44,0.05,1495.72,1188.2,307.52,Cash,Completed,13,3,No
ORD-00345,2024-06-04,CUST-0171,Customer 171,Small Business,Europe,United Kingdom,Online,Furniture,Standing Desk,8,260.04,0.02,2038.71,1260.95,777.76,Cash,Completed,4,10,Yes
ORD-00588,2024-06-04,CUST-0115,Customer 115,Consumer,North America,United States,Online,Furniture,Conference Table,4,1333.41,0.05,0.0,4139.87,0.0,PayPal,Cancelled,10,4,No
ORD-00575,2024-06-04,CUST-0189,Customer 189,Consumer,Latin America,Mexico,Online,Technology,Wireless Router,3,597.5,0.2,0.0,878.35,0.0,PayPal,Cancelled,6,3,No
ORD-00633,2024-06-05,CUST-0077,Customer 77,Small Business,Asia Pacific,India,Online,Technology,Tablet X,9,1109.88,0.15,8490.58,6851.6,1638.98,PayPal,Completed,8,6,No
ORD-00742,2024-06-05,CUST-0292,Customer 292,Small Business,Europe,United Kingdom,Partner,Office Supplies,Premium Paper,3,1249.14,0.15,3185.31,1734.44,1450.87,Bank Transfer,Completed,8,9,Yes
ORD-01242,2024-06-05,CUST-0084,Customer 84,Corporate,Middle East,Pakistan,Retail Store,Office Supplies,Ink Cartridge,3,215.97,0.05,615.51,381.17,234.34,Credit Card,Completed,8,10,Yes
ORD-00050,2024-06-06,CUST-0173,Customer 173,Consumer,North America,United States,Retail Store,Technology,Laptop Pro 14,3,312.99,0.1,0.0,514.48,0.0,Credit Card,Cancelled,6,3,No
ORD-00473,2024-06-06,CUST-0228,Customer 228,Corporate,North America,United States,Online,Office Supplies,Printer,8,1559.79,0.15,10606.57,8029.01,2577.56,Bank Transfer,Completed,10,3,No
ORD-00168,2024-06-06,CUST-0299,Customer 299,Small Business,North America,Canada,Retail Store,Furniture,Storage Cabinet,6,1757.76,0.1,9491.9,7340.29,2151.61,Bank Transfer,Completed,10,9,No
ORD-00018,2024-06-08,CUST-0105,Customer 105,Corporate,Asia Pacific,Singapore,Online,Technology,Wireless Router,3,1765.53,0.08,4872.86,2715.07,2157.79,Cash,Completed,13,6,No
ORD-00832,2024-06-08,CUST-0001,Customer 1,Consumer,Europe,Germany,Partner,Technology,Wireless Router,4,39.65,0.1,142.74,81.97,60.77,PayPal,Completed,6,4,No
ORD-00378,2024-06-08,CUST-0098,Customer 98,Corporate,North America,United States,Online,Office Supplies,Office Organizer,8,473.67,0.08,3486.21,2624.56,861.65,Cash,Completed,10,9,No
ORD-00287,2024-06-08,CUST-0070,Customer 70,Corporate,Europe,Germany,Online,Office Supplies,Printer,3,1160.95,0.0,3482.85,2467.44,1015.41,Bank Transfer,Completed,12,7,No
ORD-00145,2024-06-09,CUST-0119,Customer 119,Consumer,Europe,United Kingdom,Partner,Office Supplies,Office Organizer,7,1198.03,0.1,7547.59,4085.09,3462.5,Cash,Completed,9,10,Yes
ORD-00248,2024-06-09,CUST-0124,Customer 124,Consumer,Latin America,Mexico,Online,Office Supplies,Printer,2,1195.39,0.08,2199.52,1536.34,663.18,PayPal,Shipped,2,11,Yes
ORD-00376,2024-06-09,CUST-0242,Customer 242,Consumer,Europe,France,Online,Technology,Business Monitor,7,109.72,0.05,729.64,525.6,204.04,Cash,Completed,13,4,No
ORD-00762,2024-06-09,CUST-0077,Customer 77,Corporate,Europe,United Kingdom,Online,Technology,Wireless Router,10,1687.66,0.05,16032.77,11809.3,4223.47,PayPal,Completed,13,11,No
ORD-00596,2024-06-10,CUST-0228,Customer 228,Corporate,Europe,United Kingdom,Retail Store,Technology,Tablet X,2,855.79,0.05,1626.0,1189.66,436.34,Cash,Completed,9,5,No
ORD-01011,2024-06-10,CUST-0187,Customer 187,Consumer,North America,United States,Online,Technology,Tablet X,10,1223.54,0.05,11623.63,6337.03,5286.6,Cash,Shipped,8,5,No
ORD-01263,2024-06-12,CUST-0111,Customer 111,Consumer,Europe,France,Retail Store,Technology,Tablet X,5,1180.65,0.08,5430.99,2831.09,2599.9,Bank Transfer,Completed,6,7,Yes
ORD-00120,2024-06-12,CUST-0221,Customer 221,Consumer,Asia Pacific,Singapore,Online,Furniture,Conference Table,1,557.56,0.08,512.96,417.19,95.77,PayPal,Completed,1,4,Yes
ORD-00436,2024-06-12,CUST-0211,Customer 211,Corporate,Asia Pacific,Australia,Online,Accessories,Mechanical Keyboard,2,502.49,0.08,924.58,651.22,273.36,PayPal,Shipped,6,5,No
ORD-00485,2024-06-12,CUST-0225,Customer 225,Consumer,Asia Pacific,Australia,Online,Accessories,Wireless Mouse,3,1247.15,0.08,3442.13,2268.88,1173.25,Cash,Completed,3,4,Yes
ORD-00919,2024-06-14,CUST-0042,Customer 42,Small Business,Middle East,UAE,Online,Furniture,Storage Cabinet,3,501.92,0.1,1355.18,1093.12,262.06,Bank Transfer,Completed,10,7,No
ORD-00404,2024-06-14,CUST-0247,Customer 247,Consumer,Middle East,Saudi Arabia,Retail Store,Office Supplies,Printer,10,76.86,0.1,691.74,499.09,192.65,Credit Card,Shipped,9,8,No
ORD-01002,2024-06-14,CUST-0087,Customer 87,Consumer,Asia Pacific,India,Partner,Accessories,Mechanical Keyboard,6,137.67,0.1,743.42,525.58,217.84,Cash,Shipped,12,11,No
ORD-00433,2024-06-14,CUST-0224,Customer 224,Consumer,Asia Pacific,Australia,Online,Technology,Wireless Router,4,1326.58,0.05,5041.0,4071.15,969.85,PayPal,Completed,2,8,Yes
ORD-01427,2024-06-15,CUST-0261,Customer 261,Corporate,North America,Canada,Retail Store,Office Supplies,Printer,7,1483.41,0.05,9864.68,5761.31,4103.37,PayPal,Shipped,13,10,No
ORD-00043,2024-06-16,CUST-0035,Customer 35,Corporate,North America,United States,Partner,Accessories,Webcam,1,1498.51,0.0,1498.51,1227.78,270.73,Bank Transfer,Returned,3,11,Yes
ORD-00672,2024-06-16,CUST-0151,Customer 151,Consumer,Latin America,Brazil,Partner,Technology,Laptop Pro 14,1,292.03,0.0,292.03,204.91,87.12,Credit Card,Completed,3,3,Yes
ORD-00958,2024-06-16,CUST-0147,Customer 147,Consumer,North America,United States,Partner,Accessories,USB-C Hub,8,321.93,0.15,2189.12,1383.51,805.61,Bank Transfer,Completed,12,6,No
ORD-00835,2024-06-16,CUST-0296,Customer 296,Small Business,Europe,France,Online,Technology,Business Monitor,8,1014.42,0.05,7709.59,4768.24,2941.35,Credit Card,Completed,5,9,Yes
ORD-01062,2024-06-17,CUST-0128,Customer 128,Consumer,Latin America,Mexico,Online,Furniture,Executive Chair,3,869.48,0.05,2478.02,1703.43,774.59,Cash,Completed,7,9,Yes
ORD-00409,2024-06-17,CUST-0200,Customer 200,Consumer,Latin America,Mexico,Partner,Furniture,Conference Table,6,190.54,0.1,1028.92,664.02,364.9,Bank Transfer,Completed,5,4,No
ORD-01038,2024-06-17,CUST-0241,Customer 241,Consumer,Middle East,Saudi Arabia,Online,Accessories,Wireless Mouse,1,206.12,0.0,206.12,168.78,37.34,PayPal,Completed,12,9,No
ORD-00139,2024-06-17,CUST-0213,Customer 213,Consumer,Europe,France,Online,Furniture,Conference Table,1,127.27,0.05,120.91,93.62,27.29,Cash,Completed,10,8,No
ORD-01271,2024-06-18,CUST-0155,Customer 155,Small Business,Asia Pacific,India,Retail Store,Technology,Business Monitor,6,1411.38,0.0,8468.28,6249.78,2218.5,Cash,Completed,9,10,Yes
ORD-00410,2024-06-18,CUST-0275,Customer 275,Small Business,North America,United States,Online,Technology,Laptop Pro 14,5,1528.75,0.1,6879.38,4179.55,2699.83,Cash,Completed,2,10,Yes
ORD-01120,2024-06-21,CUST-0007,Customer 7,Corporate,North America,United States,Online,Technology,Business Monitor,10,254.94,0.08,2345.45,1489.48,855.97,Credit Card,Completed,10,11,Yes
ORD-00288,2024-06-21,CUST-0006,Customer 6,Corporate,Asia Pacific,Singapore,Online,Office Supplies,Ink Cartridge,2,1392.58,0.15,2367.39,1619.7,747.69,PayPal,Completed,10,9,No
ORD-01055,2024-06-21,CUST-0018,Customer 18,Consumer,Latin America,Brazil,Online,Technology,Business Monitor,7,1611.96,0.05,10719.53,8149.07,2570.46,Cash,Completed,13,11,No
ORD-00751,2024-06-21,CUST-0225,Customer 225,Small Business,North America,United States,Online,Technology,Business Monitor,10,617.97,0.1,5561.73,3293.08,2268.65,PayPal,Completed,7,9,Yes
ORD-00990,2024-06-22,CUST-0088,Customer 88,Corporate,Middle East,Pakistan,Partner,Technology,Wireless Router,8,1258.1,0.02,9863.5,6671.93,3191.57,Cash,Completed,6,5,No
ORD-00759,2024-06-22,CUST-0054,Customer 54,Corporate,Latin America,Brazil,Online,Technology,Business Monitor,8,1208.39,0.08,8893.75,6060.0,2833.75,Cash,Completed,2,11,Yes
ORD-00555,2024-06-22,CUST-0293,Customer 293,Consumer,Latin America,Brazil,Retail Store,Furniture,Standing Desk,10,1497.6,0.15,12729.6,9086.07,3643.53,Cash,Completed,4,11,Yes
ORD-00818,2024-06-22,CUST-0073,Customer 73,Small Business,Europe,France,Retail Store,Furniture,Standing Desk,3,729.27,0.02,2144.05,1446.13,697.92,Credit Card,Completed,5,4,No
ORD-00745,2024-06-23,CUST-0175,Customer 175,Consumer,North America,Canada,Partner,Office Supplies,Ink Cartridge,7,371.16,0.05,2468.21,1750.27,717.94,Credit Card,Completed,1,6,Yes
ORD-01155,2024-06-24,CUST-0141,Customer 141,Consumer,Asia Pacific,Singapore,Partner,Furniture,Conference Table,6,1221.49,0.08,6742.62,4021.48,2721.14,Cash,Completed,2,8,Yes
ORD-00316,2024-06-24,CUST-0244,Customer 244,Small Business,Asia Pacific,Australia,Online,Furniture,Conference Table,6,1630.53,0.1,8804.86,6145.63,2659.23,Cash,Completed,14,6,No
ORD-00736,2024-06-24,CUST-0177,Customer 177,Consumer,Latin America,Brazil,Online,Furniture,Executive Chair,6,1269.99,0.08,7010.34,4213.22,2797.12,Bank Transfer,Shipped,9,10,Yes
ORD-01488,2024-06-24,CUST-0094,Customer 94,Corporate,Asia Pacific,India,Online,Furniture,Executive Chair,10,1725.28,0.1,15527.52,9733.43,5794.09,PayPal,Completed,10,7,No
ORD-01180,2024-06-24,CUST-0264,Customer 264,Small Business,Asia Pacific,Singapore,Online,Office Supplies,Office Organizer,5,961.51,0.08,4422.95,2356.02,2066.93,PayPal,Completed,5,7,Yes
ORD-01072,2024-06-27,CUST-0125,Customer 125,Corporate,North America,Canada,Online,Furniture,Conference Table,10,619.02,0.15,0.0,3569.37,0.0,Bank Transfer,Cancelled,11,9,No
ORD-00617,2024-06-28,CUST-0090,Customer 90,Consumer,North America,United States,Online,Office Supplies,Office Organizer,9,111.6,0.08,924.05,537.91,386.14,Bank Transfer,Completed,10,11,Yes
ORD-00547,2024-06-28,CUST-0181,Customer 181,Consumer,North America,United States,Online,Office Supplies,Ink Cartridge,10,1004.13,0.08,9238.0,6007.71,3230.29,PayPal,Completed,12,4,No
ORD-00554,2024-06-29,CUST-0018,Customer 18,Small Business,Asia Pacific,Singapore,Online,Accessories,USB-C Hub,10,798.18,0.08,7343.26,4407.45,2935.81,PayPal,Shipped,7,10,Yes
ORD-00875,2024-06-30,CUST-0017,Customer 17,Consumer,North America,United States,Online,Accessories,Webcam,9,1681.36,0.15,12862.4,8123.49,4738.91,PayPal,Returned,5,5,Yes
ORD-00974,2024-07-01,CUST-0107,Customer 107,Consumer,North America,Canada,Online,Furniture,Conference Table,10,1078.28,0.02,10567.14,5760.9,4806.24,Credit Card,Completed,8,4,No
ORD-00984,2024-07-01,CUST-0090,Customer 90,Consumer,North America,Canada,Online,Technology,Wireless Router,9,621.11,0.1,0.0,3322.56,0.0,Bank Transfer,Cancelled,11,3,No
ORD-00671,2024-07-01,CUST-0189,Customer 189,Consumer,North America,Canada,Online,Furniture,Executive Chair,6,224.49,0.1,1212.25,667.06,545.19,Credit Card,Completed,7,7,Yes
ORD-00754,2024-07-01,CUST-0017,Customer 17,Consumer,Europe,United Kingdom,Online,Office Supplies,Premium Paper,8,118.98,0.05,904.25,626.22,278.03,Credit Card,Completed,4,10,Yes
ORD-01267,2024-07-01,CUST-0126,Customer 126,Corporate,Europe,Germany,Online,Technology,Laptop Pro 14,6,863.32,0.1,4661.93,2818.36,1843.57,PayPal,Completed,4,9,Yes
ORD-00401,2024-07-02,CUST-0070,Customer 70,Small Business,North America,United States,Online,Accessories,Wireless Mouse,3,628.33,0.0,0.0,1201.16,0.0,Cash,Cancelled,11,3,No
ORD-01160,2024-07-02,CUST-0295,Customer 295,Consumer,North America,Canada,Partner,Technology,Laptop Pro 14,9,1198.57,0.05,10247.77,5459.08,4788.69,Credit Card,Completed,7,7,Yes
ORD-01085,2024-07-03,CUST-0042,Customer 42,Corporate,Latin America,Brazil,Online,Office Supplies,Premium Paper,5,448.06,0.15,1904.26,1560.46,343.8,Cash,Completed,12,11,No
ORD-01316,2024-07-03,CUST-0122,Customer 122,Small Business,Asia Pacific,Australia,Partner,Technology,Wireless Router,1,1147.66,0.02,1124.71,867.45,257.26,Bank Transfer,Shipped,11,3,No
ORD-00067,2024-07-03,CUST-0166,Customer 166,Small Business,North America,United States,Online,Technology,Tablet X,3,723.47,0.1,1953.37,1091.31,862.06,Cash,Completed,1,7,Yes
ORD-00837,2024-07-04,CUST-0174,Customer 174,Corporate,Latin America,Mexico,Online,Accessories,Wireless Mouse,9,1552.31,0.1,12573.71,7170.59,5403.12,Cash,Returned,1,4,Yes
ORD-00972,2024-07-04,CUST-0103,Customer 103,Small Business,Latin America,Mexico,Online,Technology,Laptop Pro 14,9,1531.67,0.15,11717.28,9408.38,2308.9,PayPal,Completed,14,7,No
ORD-00629,2024-07-04,CUST-0287,Customer 287,Consumer,North America,Canada,Online,Furniture,Conference Table,6,1674.72,0.05,9545.9,6839.37,2706.53,Bank Transfer,Completed,8,5,No
ORD-00763,2024-07-04,CUST-0027,Customer 27,Consumer,North America,United States,Online,Office Supplies,Office Organizer,7,67.7,0.15,402.82,307.43,95.39,PayPal,Completed,3,11,Yes
ORD-00601,2024-07-04,CUST-0249,Customer 249,Small Business,North America,Canada,Retail Store,Furniture,Conference Table,6,1473.79,0.05,8400.6,5248.98,3151.62,Cash,Completed,9,9,Yes
ORD-01248,2024-07-04,CUST-0271,Customer 271,Small Business,North America,United States,Retail Store,Office Supplies,Office Organizer,7,1607.03,0.0,11249.21,6073.73,5175.48,Cash,Completed,1,8,Yes
ORD-01396,2024-07-04,CUST-0216,Customer 216,Consumer,Middle East,Pakistan,Retail Store,Office Supplies,Printer,3,713.1,0.0,2139.3,1220.19,919.11,Cash,Shipped,9,7,No
ORD-01477,2024-07-06,CUST-0127,Customer 127,Consumer,Middle East,Pakistan,Online,Accessories,Webcam,7,1251.49,0.15,7446.37,4454.79,2991.58,Credit Card,Completed,8,5,No
ORD-00394,2024-07-07,CUST-0023,Customer 23,Corporate,Middle East,Pakistan,Online,Office Supplies,Premium Paper,9,292.72,0.05,2502.76,1759.92,742.84,PayPal,Completed,10,8,No
ORD-00162,2024-07-08,CUST-0050,Customer 50,Consumer,Asia Pacific,Australia,Retail Store,Technology,Tablet X,4,224.65,0.05,853.67,504.93,348.74,Bank Transfer,Completed,4,4,Yes
ORD-01338,2024-07-09,CUST-0107,Customer 107,Corporate,Asia Pacific,Australia,Retail Store,Furniture,Storage Cabinet,5,244.43,0.08,1124.38,648.69,475.69,PayPal,Completed,1,9,Yes
ORD-00877,2024-07-09,CUST-0232,Customer 232,Consumer,Middle East,UAE,Partner,Office Supplies,Premium Paper,6,222.94,0.1,1203.88,675.52,528.36,PayPal,Shipped,1,3,Yes
ORD-00044,2024-07-10,CUST-0194,Customer 194,Consumer,Latin America,Mexico,Retail Store,Office Supplies,Office Organizer,6,818.28,0.05,0.0,2767.76,0.0,Credit Card,Cancelled,12,11,No
ORD-00277,2024-07-10,CUST-0171,Customer 171,Consumer,Middle East,Pakistan,Retail Store,Technology,Laptop Pro 14,9,912.48,0.1,7391.09,4924.18,2466.91,Credit Card,Completed,11,10,No
ORD-01121,2024-07-11,CUST-0202,Customer 202,Corporate,Latin America,Mexico,Partner,Office Supplies,Office Organizer,4,1548.76,0.08,5699.44,4571.35,1128.09,PayPal,Completed,8,5,No
ORD-00685,2024-07-11,CUST-0128,Customer 128,Small Business,Latin America,Brazil,Online,Furniture,Standing Desk,2,1070.74,0.1,1927.33,1341.05,586.28,Cash,Returned,10,8,No
ORD-00851,2024-07-11,CUST-0276,Customer 276,Consumer,North America,Canada,Online,Technology,Tablet X,2,1740.3,0.05,3306.57,2638.17,668.4,Cash,Completed,4,5,Yes
ORD-01401,2024-07-12,CUST-0263,Customer 263,Small Business,North America,Canada,Online,Accessories,Webcam,1,882.62,0.05,838.49,515.77,322.72,Bank Transfer,Completed,6,11,Yes
ORD-00830,2024-07-12,CUST-0001,Customer 1,Small Business,Europe,Germany,Online,Office Supplies,Ink Cartridge,9,645.88,0.15,4940.98,2778.14,2162.84,Cash,Shipped,10,11,Yes
ORD-00666,2024-07-12,CUST-0019,Customer 19,Consumer,North America,United States,Online,Technology,Laptop Pro 14,8,364.58,0.08,2683.31,1458.66,1224.65,Bank Transfer,Completed,1,10,Yes
ORD-00996,2024-07-13,CUST-0037,Customer 37,Consumer,North America,Canada,Retail Store,Accessories,Wireless Mouse,6,539.9,0.15,0.0,2020.55,0.0,Credit Card,Cancelled,10,3,No
ORD-00489,2024-07-13,CUST-0289,Customer 289,Small Business,Latin America,Mexico,Online,Accessories,Mechanical Keyboard,9,377.4,0.05,0.0,1726.53,0.0,Credit Card,Cancelled,12,3,No
ORD-00295,2024-07-14,CUST-0205,Customer 205,Small Business,North America,Canada,Online,Office Supplies,Printer,6,539.13,0.0,0.0,2033.67,0.0,Bank Transfer,Cancelled,5,3,No
ORD-00241,2024-07-14,CUST-0282,Customer 282,Consumer,Latin America,Mexico,Online,Technology,Business Monitor,9,874.53,0.05,7477.23,4060.03,3417.2,Cash,Completed,3,3,Yes
ORD-00284,2024-07-15,CUST-0173,Customer 173,Corporate,North America,Canada,Retail Store,Technology,Wireless Router,8,1199.0,0.05,9112.4,5809.23,3303.17,Cash,Completed,10,10,Yes
ORD-01189,2024-07-15,CUST-0045,Customer 45,Corporate,Europe,France,Online,Technology,Wireless Router,5,440.88,0.05,2094.18,1700.85,393.33,Cash,Shipped,3,4,Yes
ORD-00113,2024-07-15,CUST-0147,Customer 147,Consumer,Latin America,Brazil,Partner,Office Supplies,Ink Cartridge,2,1698.71,0.15,2887.81,1653.47,1234.34,PayPal,Completed,6,3,No
ORD-00587,2024-07-16,CUST-0239,Customer 239,Corporate,North America,Canada,Online,Office Supplies,Premium Paper,9,69.74,0.08,577.45,432.32,145.13,PayPal,Completed,5,9,Yes
ORD-00330,2024-07-17,CUST-0016,Customer 16,Small Business,North America,United States,Retail Store,Furniture,Conference Table,4,1681.47,0.0,6725.88,3635.38,3090.5,Credit Card,Completed,8,6,No
ORD-01133,2024-07-17,CUST-0061,Customer 61,Consumer,North America,Canada,Retail Store,Technology,Wireless Router,5,1171.43,0.02,5740.01,4647.62,1092.39,Bank Transfer,Completed,10,10,Yes
ORD-00276,2024-07-17,CUST-0105,Customer 105,Consumer,Europe,Germany,Partner,Office Supplies,Office Organizer,4,994.22,0.15,3380.35,2193.39,1186.96,PayPal,Completed,5,7,Yes
ORD-00377,2024-07-18,CUST-0060,Customer 60,Consumer,Middle East,Pakistan,Partner,Technology,Tablet X,4,1153.19,0.08,4243.74,3197.94,1045.8,Credit Card,Completed,13,5,No
ORD-01292,2024-07-19,CUST-0266,Customer 266,Consumer,North America,Canada,Online,Furniture,Storage Cabinet,9,773.56,0.08,6405.08,4090.93,2314.15,PayPal,Completed,11,5,No
ORD-00945,2024-07-19,CUST-0178,Customer 178,Consumer,North America,Canada,Retail Store,Furniture,Conference Table,3,658.05,0.15,1678.03,1130.67,547.36,Credit Card,Completed,8,11,Yes
ORD-01409,2024-07-19,CUST-0190,Customer 190,Small Business,Asia Pacific,Australia,Retail Store,Technology,Tablet X,2,1498.06,0.1,2696.51,1592.55,1103.96,Cash,Completed,10,7,No
ORD-00614,2024-07-20,CUST-0109,Customer 109,Small Business,North America,Canada,Retail Store,Furniture,Executive Chair,10,211.02,0.15,1793.67,1054.46,739.21,Cash,Completed,3,7,Yes
ORD-00192,2024-07-20,CUST-0290,Customer 290,Consumer,Latin America,Mexico,Retail Store,Office Supplies,Office Organizer,3,482.25,0.15,1229.74,761.72,468.02,Bank Transfer,Completed,6,10,Yes
ORD-01071,2024-07-20,CUST-0179,Customer 179,Consumer,Europe,Germany,Online,Furniture,Executive Chair,10,482.43,0.1,4341.87,2661.59,1680.28,Cash,Completed,3,11,Yes
ORD-00031,2024-07-20,CUST-0106,Customer 106,Consumer,Asia Pacific,India,Online,Accessories,Wireless Mouse,1,1141.27,0.02,1118.44,835.36,283.08,Bank Transfer,Completed,3,6,Yes
ORD-00980,2024-07-20,CUST-0093,Customer 93,Corporate,Asia Pacific,India,Online,Office Supplies,Ink Cartridge,8,1558.25,0.1,11219.4,6959.0,4260.4,Cash,Completed,3,11,Yes
ORD-00077,2024-07-20,CUST-0167,Customer 167,Small Business,Middle East,Saudi Arabia,Partner,Furniture,Storage Cabinet,7,1489.53,0.2,8341.37,4666.76,3674.61,Credit Card,Completed,2,3,Yes
ORD-00772,2024-07-20,CUST-0219,Customer 219,Small Business,Middle East,Pakistan,Online,Technology,Laptop Pro 14,10,1415.93,0.05,13451.34,7663.04,5788.3,Credit Card,Completed,7,10,Yes
ORD-00744,2024-07-20,CUST-0294,Customer 294,Corporate,Europe,France,Online,Technology,Business Monitor,4,1309.88,0.1,4715.57,2672.33,2043.24,Bank Transfer,Returned,11,4,No
ORD-00173,2024-07-21,CUST-0167,Customer 167,Consumer,Asia Pacific,India,Online,Office Supplies,Printer,4,1043.38,0.15,3547.49,2891.11,656.38,Cash,Completed,1,7,Yes
ORD-00365,2024-07-21,CUST-0040,Customer 40,Consumer,Latin America,Mexico,Online,Accessories,Wireless Mouse,4,1252.79,0.02,0.0,4015.24,0.0,PayPal,Cancelled,6,6,Yes
ORD-00191,2024-07-22,CUST-0276,Customer 276,Small Business,North America,Canada,Retail Store,Furniture,Conference Table,2,854.55,0.1,1538.19,997.52,540.67,Credit Card,Completed,2,4,Yes
ORD-00068,2024-07-23,CUST-0150,Customer 150,Consumer,Middle East,Pakistan,Online,Office Supplies,Printer,6,1559.21,0.15,0.0,4706.64,0.0,PayPal,Cancelled,12,11,No
ORD-01397,2024-07-23,CUST-0262,Customer 262,Corporate,Europe,France,Online,Technology,Tablet X,5,798.07,0.0,0.0,2466.22,0.0,PayPal,Cancelled,2,9,Yes
ORD-00427,2024-07-23,CUST-0208,Customer 208,Consumer,Europe,United Kingdom,Online,Technology,Business Monitor,10,908.77,0.1,8178.93,5699.5,2479.43,Cash,Completed,12,9,No
ORD-01226,2024-07-24,CUST-0174,Customer 174,Small Business,Asia Pacific,Singapore,Online,Technology,Wireless Router,10,1750.75,0.05,16632.12,9670.69,6961.43,Credit Card,Completed,10,8,No
ORD-01436,2024-07-24,CUST-0265,Customer 265,Corporate,North America,Canada,Online,Accessories,Wireless Mouse,8,1758.37,0.2,11253.57,6884.12,4369.45,Credit Card,Completed,13,9,No
ORD-00719,2024-07-25,CUST-0100,Customer 100,Consumer,North America,United States,Partner,Technology,Tablet X,4,735.51,0.05,2794.94,1810.36,984.58,Credit Card,Returned,6,9,Yes
ORD-00632,2024-07-26,CUST-0246,Customer 246,Consumer,Latin America,Mexico,Online,Furniture,Standing Desk,2,191.24,0.08,351.88,253.22,98.66,PayPal,Completed,11,9,No
ORD-00443,2024-07-26,CUST-0285,Customer 285,Consumer,Europe,France,Partner,Accessories,Webcam,7,687.85,0.1,4333.46,2498.03,1835.43,PayPal,Completed,8,8,Yes
ORD-01203,2024-07-26,CUST-0143,Customer 143,Small Business,North America,United States,Online,Technology,Laptop Pro 14,10,815.4,0.15,6930.9,4963.0,1967.9,Credit Card,Completed,6,6,Yes
ORD-01218,2024-07-27,CUST-0203,Customer 203,Small Business,Asia Pacific,Singapore,Online,Furniture,Conference Table,2,691.57,0.05,1313.98,750.22,563.76,Credit Card,Shipped,8,4,No
ORD-01131,2024-07-27,CUST-0126,Customer 126,Consumer,Middle East,UAE,Online,Furniture,Standing Desk,5,1562.96,0.1,7033.32,5111.45,1921.87,Cash,Completed,11,8,No
ORD-01108,2024-07-28,CUST-0070,Customer 70,Consumer,Middle East,Saudi Arabia,Retail Store,Accessories,Mechanical Keyboard,4,585.68,0.08,2155.3,1181.06,974.24,Cash,Completed,2,6,Yes
ORD-01109,2024-07-29,CUST-0220,Customer 220,Consumer,Asia Pacific,Singapore,Online,Technology,Laptop Pro 14,7,1640.84,0.08,10567.01,8414.15,2152.86,Credit Card,Completed,9,9,Yes
ORD-00524,2024-07-30,CUST-0088,Customer 88,Consumer,Middle East,Saudi Arabia,Online,Office Supplies,Office Organizer,6,896.91,0.0,5381.46,3662.93,1718.53,Credit Card,Returned,6,8,Yes
ORD-00065,2024-07-30,CUST-0195,Customer 195,Consumer,Europe,Germany,Retail Store,Technology,Tablet X,7,588.1,0.05,3910.86,2601.91,1308.95,PayPal,Completed,5,5,Yes
ORD-00361,2024-07-31,CUST-0294,Customer 294,Corporate,Europe,France,Retail Store,Technology,Wireless Router,10,683.06,0.02,6693.99,5426.04,1267.95,PayPal,Completed,4,10,Yes
ORD-00078,2024-08-01,CUST-0077,Customer 77,Corporate,North America,United States,Retail Store,Technology,Tablet X,6,44.4,0.1,0.0,128.22,0.0,PayPal,Cancelled,12,5,No
ORD-01350,2024-08-01,CUST-0006,Customer 6,Corporate,North America,United States,Online,Accessories,Mechanical Keyboard,3,67.58,0.08,0.0,121.54,0.0,Bank Transfer,Cancelled,4,9,Yes
ORD-00582,2024-08-01,CUST-0239,Customer 239,Corporate,Latin America,Mexico,Partner,Furniture,Conference Table,2,706.04,0.05,1341.48,788.66,552.82,Cash,Completed,13,3,No
ORD-00205,2024-08-01,CUST-0295,Customer 295,Consumer,Asia Pacific,Singapore,Partner,Office Supplies,Printer,7,395.95,0.1,2494.48,1869.03,625.45,Cash,Completed,1,10,Yes
ORD-01250,2024-08-03,CUST-0145,Customer 145,Corporate,Asia Pacific,India,Online,Furniture,Executive Chair,3,163.79,0.0,491.37,270.98,220.39,Bank Transfer,Completed,4,6,Yes
ORD-00669,2024-08-03,CUST-0227,Customer 227,Corporate,North America,Canada,Retail Store,Furniture,Storage Cabinet,10,862.89,0.1,7766.01,4545.59,3220.42,Credit Card,Completed,9,4,No
ORD-00070,2024-08-03,CUST-0174,Customer 174,Consumer,Latin America,Mexico,Retail Store,Technology,Tablet X,3,570.59,0.02,1677.53,1337.64,339.89,Cash,Completed,3,5,Yes
ORD-01364,2024-08-03,CUST-0258,Customer 258,Consumer,Asia Pacific,Australia,Retail Store,Office Supplies,Premium Paper,5,1502.45,0.1,0.0,5493.54,0.0,PayPal,Cancelled,9,6,No
ORD-00625,2024-08-04,CUST-0061,Customer 61,Consumer,Asia Pacific,India,Online,Office Supplies,Ink Cartridge,3,414.01,0.08,1142.67,882.17,260.5,Credit Card,Completed,6,7,Yes
ORD-00923,2024-08-04,CUST-0193,Customer 193,Corporate,Latin America,Mexico,Online,Office Supplies,Ink Cartridge,4,1174.04,0.0,4696.16,3119.73,1576.43,Cash,Completed,5,6,Yes
ORD-01379,2024-08-06,CUST-0118,Customer 118,Consumer,Europe,Germany,Online,Accessories,USB-C Hub,7,746.1,0.02,5118.25,3112.12,2006.13,Bank Transfer,Completed,3,4,Yes
ORD-01019,2024-08-06,CUST-0263,Customer 263,Corporate,Latin America,Mexico,Online,Technology,Business Monitor,7,1303.87,0.08,8396.92,6831.21,1565.71,PayPal,Completed,9,6,No
ORD-00558,2024-08-06,CUST-0052,Customer 52,Small Business,North America,Canada,Retail Store,Technology,Laptop Pro 14,4,1272.51,0.02,4988.24,3920.55,1067.69,Credit Card,Completed,4,6,Yes
ORD-01460,2024-08-06,CUST-0078,Customer 78,Small Business,Asia Pacific,India,Online,Furniture,Standing Desk,4,328.72,0.08,1209.69,780.25,429.44,PayPal,Completed,6,11,Yes
ORD-00187,2024-08-06,CUST-0069,Customer 69,Consumer,Middle East,Pakistan,Online,Furniture,Storage Cabinet,9,1539.96,0.2,11087.71,8403.35,2684.36,Cash,Completed,6,9,Yes
ORD-00452,2024-08-07,CUST-0269,Customer 269,Corporate,Asia Pacific,India,Online,Technology,Wireless Router,7,1367.7,0.0,9573.9,7229.36,2344.54,Cash,Completed,4,4,Yes
ORD-00017,2024-08-07,CUST-0031,Customer 31,Small Business,Europe,Germany,Partner,Technology,Wireless Router,9,1503.1,0.08,12445.67,6679.49,5766.18,Credit Card,Completed,5,3,No
ORD-00993,2024-08-07,CUST-0104,Customer 104,Consumer,North America,United States,Online,Technology,Laptop Pro 14,7,383.56,0.2,2147.94,1232.08,915.86,PayPal,Completed,13,8,No
ORD-00152,2024-08-08,CUST-0151,Customer 151,Small Business,North America,United States,Online,Furniture,Conference Table,7,1030.99,0.08,6639.58,4944.73,1694.85,Cash,Shipped,7,9,Yes
ORD-00499,2024-08-10,CUST-0291,Customer 291,Consumer,Latin America,Brazil,Partner,Technology,Tablet X,9,1576.96,0.02,0.0,8420.94,0.0,Credit Card,Cancelled,6,3,No
ORD-01497,2024-08-10,CUST-0029,Customer 29,Corporate,Asia Pacific,Singapore,Online,Accessories,Mechanical Keyboard,2,1631.4,0.05,3099.66,1841.64,1258.02,PayPal,Completed,3,4,Yes
ORD-00370,2024-08-10,CUST-0147,Customer 147,Corporate,North America,Canada,Online,Technology,Business Monitor,6,904.3,0.05,5154.51,2820.42,2334.09,PayPal,Completed,7,8,Yes
ORD-00650,2024-08-10,CUST-0257,Customer 257,Corporate,Europe,Germany,Online,Technology,Tablet X,9,166.93,0.05,1427.25,749.09,678.16,Credit Card,Completed,2,6,Yes
ORD-00389,2024-08-11,CUST-0300,Customer 300,Small Business,Middle East,UAE,Retail Store,Accessories,Webcam,5,1152.75,0.02,5648.48,3106.26,2542.22,Cash,Returned,13,8,No
ORD-01430,2024-08-11,CUST-0201,Customer 201,Consumer,Latin America,Mexico,Retail Store,Office Supplies,Printer,4,491.4,0.2,1572.48,1108.19,464.29,Cash,Completed,6,6,Yes
ORD-00448,2024-08-11,CUST-0140,Customer 140,Consumer,Middle East,Saudi Arabia,Partner,Office Supplies,Printer,10,1122.64,0.2,8981.12,5048.26,3932.86,Bank Transfer,Returned,9,5,No
ORD-00244,2024-08-12,CUST-0247,Customer 247,Consumer,Europe,Germany,Partner,Technology,Tablet X,7,1690.15,0.0,11831.05,8952.38,2878.67,Bank Transfer,Completed,12,6,No
ORD-00177,2024-08-12,CUST-0278,Customer 278,Consumer,Asia Pacific,Australia,Online,Furniture,Storage Cabinet,9,1000.68,0.05,8555.81,5295.57,3260.24,Bank Transfer,Completed,1,8,Yes
ORD-01177,2024-08-12,CUST-0267,Customer 267,Consumer,Middle East,Saudi Arabia,Retail Store,Office Supplies,Printer,4,847.26,0.1,3050.14,1958.8,1091.34,Credit Card,Completed,7,3,No
ORD-00634,2024-08-12,CUST-0259,Customer 259,Consumer,Asia Pacific,Australia,Retail Store,Technology,Tablet X,1,543.69,0.08,500.19,290.33,209.86,PayPal,Completed,14,7,No
ORD-00796,2024-08-13,CUST-0203,Customer 203,Consumer,Latin America,Brazil,Online,Accessories,USB-C Hub,4,838.64,0.1,3019.1,1634.97,1384.13,Credit Card,Completed,4,11,Yes
ORD-00863,2024-08-13,CUST-0237,Customer 237,Corporate,Asia Pacific,Singapore,Online,Technology,Tablet X,1,67.4,0.15,57.29,39.91,17.38,Credit Card,Completed,8,7,No
ORD-00253,2024-08-14,CUST-0059,Customer 59,Consumer,Latin America,Brazil,Partner,Technology,Wireless Router,7,1095.91,0.08,7057.66,5764.15,1293.51,Cash,Completed,8,3,No
ORD-01247,2024-08-14,CUST-0226,Customer 226,Consumer,North America,United States,Partner,Office Supplies,Office Organizer,7,475.15,0.02,3259.53,1737.39,1522.14,PayPal,Completed,8,4,No
ORD-01091,2024-08-15,CUST-0055,Customer 55,Corporate,Latin America,Mexico,Partner,Furniture,Conference Table,2,1033.03,0.0,2066.06,1221.34,844.72,Credit Card,Completed,12,7,No
ORD-01368,2024-08-15,CUST-0027,Customer 27,Corporate,Latin America,Mexico,Retail Store,Technology,Tablet X,6,874.3,0.05,4983.51,2813.12,2170.39,PayPal,Shipped,1,3,Yes
ORD-00591,2024-08-15,CUST-0111,Customer 111,Consumer,North America,Canada,Online,Furniture,Storage Cabinet,9,1719.94,0.02,15169.87,9002.45,6167.42,Cash,Completed,2,11,Yes
ORD-00144,2024-08-16,CUST-0057,Customer 57,Consumer,Europe,Germany,Partner,Technology,Tablet X,9,103.61,0.1,839.24,480.35,358.89,Credit Card,Completed,3,6,Yes
ORD-00174,2024-08-16,CUST-0279,Customer 279,Corporate,North America,United States,Online,Technology,Business Monitor,10,1717.26,0.02,16829.15,12832.87,3996.28,PayPal,Shipped,9,4,No
ORD-00789,2024-08-17,CUST-0146,Customer 146,Small Business,Europe,United Kingdom,Online,Furniture,Storage Cabinet,3,104.28,0.1,281.56,201.74,79.82,Credit Card,Completed,11,11,Yes
ORD-00806,2024-08-17,CUST-0126,Customer 126,Consumer,Middle East,UAE,Online,Accessories,Wireless Mouse,9,932.17,0.1,7550.58,5577.21,1973.37,PayPal,Completed,1,3,Yes
ORD-00334,2024-08-18,CUST-0223,Customer 223,Corporate,North America,United States,Online,Accessories,Mechanical Keyboard,4,1432.72,0.08,5272.41,3298.15,1974.26,Cash,Returned,3,7,Yes
ORD-00761,2024-08-18,CUST-0107,Customer 107,Consumer,North America,United States,Partner,Technology,Laptop Pro 14,3,386.09,0.02,1135.1,663.58,471.52,PayPal,Completed,6,5,No
ORD-00523,2024-08-19,CUST-0107,Customer 107,Consumer,Latin America,Brazil,Online,Technology,Laptop Pro 14,9,847.9,0.02,7478.48,4239.39,3239.09,Credit Card,Completed,4,9,Yes
ORD-00971,2024-08-19,CUST-0292,Customer 292,Small Business,Asia Pacific,India,Online,Office Supplies,Premium Paper,5,753.02,0.2,3012.08,1817.93,1194.15,Cash,Completed,7,7,Yes
ORD-00904,2024-08-19,CUST-0129,Customer 129,Small Business,Asia Pacific,Singapore,Online,Technology,Tablet X,7,739.43,0.1,4658.41,3487.73,1170.68,Cash,Shipped,12,10,No
ORD-01222,2024-08-19,CUST-0132,Customer 132,Corporate,North America,United States,Online,Technology,Laptop Pro 14,1,1074.79,0.05,0.0,581.22,0.0,Cash,Cancelled,12,9,No
ORD-00530,2024-08-20,CUST-0091,Customer 91,Consumer,Latin America,Mexico,Retail Store,Office Supplies,Office Organizer,7,329.99,0.08,2125.14,1741.79,383.35,Cash,Completed,8,4,No
ORD-00726,2024-08-20,CUST-0162,Customer 162,Corporate,Middle East,Saudi Arabia,Online,Furniture,Conference Table,4,68.84,0.02,269.85,162.78,107.07,Bank Transfer,Completed,6,9,Yes
ORD-01392,2024-08-20,CUST-0171,Customer 171,Consumer,North America,United States,Retail Store,Office Supplies,Premium Paper,8,866.46,0.02,6793.05,3576.08,3216.97,PayPal,Completed,2,5,Yes
ORD-00249,2024-08-20,CUST-0225,Customer 225,Small Business,Latin America,Brazil,Partner,Office Supplies,Printer,10,1614.79,0.15,13725.72,11147.79,2577.93,PayPal,Completed,12,6,No
ORD-01135,2024-08-21,CUST-0114,Customer 114,Small Business,Asia Pacific,Singapore,Online,Technology,Tablet X,5,1375.49,0.05,6533.58,3752.72,2780.86,Cash,Completed,6,3,No
ORD-01369,2024-08-24,CUST-0145,Customer 145,Consumer,North America,United States,Online,Technology,Business Monitor,5,596.58,0.2,2386.32,1743.47,642.85,Credit Card,Completed,13,5,No
ORD-01462,2024-08-25,CUST-0196,Customer 196,Small Business,Asia Pacific,India,Partner,Office Supplies,Printer,4,476.35,0.08,1752.97,1361.9,391.07,Bank Transfer,Completed,3,10,Yes
ORD-01117,2024-08-25,CUST-0191,Customer 191,Consumer,North America,United States,Online,Office Supplies,Printer,4,608.86,0.02,2386.73,1612.29,774.44,PayPal,Completed,7,9,Yes
ORD-00712,2024-08-25,CUST-0275,Customer 275,Corporate,Asia Pacific,Australia,Partner,Furniture,Conference Table,1,353.86,0.15,300.78,175.22,125.56,PayPal,Completed,4,10,Yes
ORD-00915,2024-08-26,CUST-0163,Customer 163,Consumer,Asia Pacific,Singapore,Retail Store,Furniture,Executive Chair,7,70.32,0.1,443.02,278.11,164.91,PayPal,Completed,5,8,Yes
ORD-00396,2024-08-26,CUST-0045,Customer 45,Corporate,Latin America,Brazil,Retail Store,Technology,Wireless Router,5,581.74,0.05,2763.26,2202.9,560.36,Credit Card,Completed,6,8,Yes
ORD-00106,2024-08-26,CUST-0186,Customer 186,Consumer,North America,Canada,Retail Store,Accessories,Wireless Mouse,8,1367.35,0.02,10720.02,6030.53,4689.49,Credit Card,Completed,10,9,No
ORD-01470,2024-08-26,CUST-0264,Customer 264,Consumer,Middle East,Saudi Arabia,Partner,Office Supplies,Printer,2,1632.46,0.2,2611.94,1801.28,810.66,PayPal,Shipped,5,4,No
ORD-00232,2024-08-26,CUST-0150,Customer 150,Small Business,Europe,France,Online,Technology,Wireless Router,10,290.41,0.08,2671.77,1997.63,674.14,PayPal,Completed,14,7,No
ORD-01220,2024-08-26,CUST-0051,Customer 51,Consumer,North America,United States,Retail Store,Furniture,Executive Chair,5,1496.26,0.15,6359.1,5036.55,1322.55,PayPal,Completed,1,5,Yes
ORD-00446,2024-08-26,CUST-0120,Customer 120,Small Business,Latin America,Brazil,Online,Furniture,Storage Cabinet,6,405.05,0.05,2308.78,1499.58,809.2,Bank Transfer,Completed,10,8,No
ORD-00889,2024-08-26,CUST-0263,Customer 263,Consumer,North America,United States,Retail Store,Technology,Laptop Pro 14,9,1707.3,0.05,14597.42,10276.36,4321.06,Cash,Shipped,9,4,No
ORD-00161,2024-08-26,CUST-0002,Customer 2,Small Business,Europe,United Kingdom,Online,Furniture,Executive Chair,8,1305.02,0.05,9918.15,6774.72,3143.43,Credit Card,Completed,10,8,No
ORD-00072,2024-08-26,CUST-0197,Customer 197,Consumer,North America,United States,Online,Accessories,Wireless Mouse,5,1414.39,0.05,6718.35,4166.88,2551.47,Bank Transfer,Completed,10,7,No
ORD-00628,2024-08-27,CUST-0263,Customer 263,Small Business,Middle East,Pakistan,Partner,Furniture,Standing Desk,4,1017.83,0.08,3745.61,2157.63,1587.98,Cash,Completed,10,11,Yes
ORD-00544,2024-08-27,CUST-0047,Customer 47,Consumer,Asia Pacific,Singapore,Retail Store,Furniture,Conference Table,6,966.26,0.08,0.0,4023.21,0.0,Bank Transfer,Cancelled,12,5,No
ORD-01355,2024-08-27,CUST-0060,Customer 60,Small Business,Europe,France,Partner,Technology,Wireless Router,6,496.99,0.0,0.0,1792.57,0.0,Bank Transfer,Cancelled,2,10,Yes
ORD-01302,2024-08-27,CUST-0287,Customer 287,Corporate,Latin America,Mexico,Online,Technology,Tablet X,5,1381.08,0.05,6560.13,4902.02,1658.11,Bank Transfer,Completed,9,3,No
ORD-00493,2024-08-28,CUST-0106,Customer 106,Corporate,North America,Canada,Partner,Furniture,Storage Cabinet,1,1456.85,0.1,1311.16,821.62,489.54,Cash,Completed,11,7,No
ORD-00653,2024-08-28,CUST-0019,Customer 19,Small Business,Asia Pacific,Australia,Online,Technology,Tablet X,8,201.73,0.05,1533.15,797.79,735.36,Credit Card,Completed,11,3,No
ORD-00434,2024-08-30,CUST-0052,Customer 52,Consumer,North America,Canada,Retail Store,Office Supplies,Ink Cartridge,2,325.76,0.1,586.37,335.24,251.13,Bank Transfer,Completed,13,4,No
ORD-00746,2024-08-31,CUST-0029,Customer 29,Consumer,Latin America,Brazil,Retail Store,Accessories,Wireless Mouse,2,815.41,0.1,1467.74,1087.04,380.7,Cash,Completed,8,9,Yes
ORD-01136,2024-08-31,CUST-0174,Customer 174,Consumer,North America,Canada,Online,Technology,Business Monitor,9,1598.92,0.0,0.0,9924.42,0.0,Bank Transfer,Cancelled,1,9,Yes
ORD-00012,2024-09-01,CUST-0194,Customer 194,Consumer,Latin America,Mexico,Online,Office Supplies,Premium Paper,5,1314.4,0.0,6572.0,3898.19,2673.81,Credit Card,Completed,4,4,Yes
ORD-00186,2024-09-01,CUST-0221,Customer 221,Consumer,Asia Pacific,Australia,Online,Technology,Wireless Router,5,1663.21,0.0,8316.05,6700.16,1615.89,Credit Card,Completed,8,7,No
ORD-00071,2024-09-02,CUST-0167,Customer 167,Consumer,Middle East,Pakistan,Retail Store,Accessories,Mechanical Keyboard,9,1559.85,0.1,0.0,9701.96,0.0,PayPal,Cancelled,2,7,Yes
ORD-00769,2024-09-02,CUST-0277,Customer 277,Consumer,Europe,Germany,Online,Office Supplies,Ink Cartridge,6,268.27,0.1,1448.66,1184.39,264.27,PayPal,Completed,14,8,No
ORD-00845,2024-09-03,CUST-0243,Customer 243,Consumer,North America,Canada,Retail Store,Technology,Laptop Pro 14,8,1303.08,0.05,9903.41,5323.37,4580.04,PayPal,Completed,5,3,No
ORD-00122,2024-09-05,CUST-0227,Customer 227,Consumer,Latin America,Brazil,Online,Technology,Tablet X,9,326.88,0.08,0.0,2116.81,0.0,Credit Card,Cancelled,1,9,Yes
ORD-01287,2024-09-05,CUST-0205,Customer 205,Consumer,North America,United States,Online,Office Supplies,Printer,7,1122.44,0.2,6285.66,4386.96,1898.7,Credit Card,Shipped,1,4,Yes
ORD-00607,2024-09-05,CUST-0087,Customer 87,Corporate,North America,United States,Retail Store,Technology,Wireless Router,10,549.01,0.08,5050.89,3919.15,1131.74,PayPal,Shipped,1,4,Yes
ORD-00872,2024-09-05,CUST-0196,Customer 196,Corporate,North America,United States,Partner,Furniture,Conference Table,1,1433.69,0.05,1362.01,745.55,616.46,Credit Card,Completed,13,10,No
ORD-01046,2024-09-06,CUST-0109,Customer 109,Consumer,Asia Pacific,India,Online,Furniture,Storage Cabinet,1,525.38,0.1,472.84,369.41,103.43,Bank Transfer,Returned,3,4,Yes
ORD-01408,2024-09-06,CUST-0286,Customer 286,Small Business,Middle East,Pakistan,Online,Technology,Wireless Router,4,1668.56,0.1,0.0,4242.84,0.0,PayPal,Cancelled,7,9,Yes
ORD-00812,2024-09-07,CUST-0116,Customer 116,Consumer,Middle East,Saudi Arabia,Partner,Technology,Business Monitor,1,538.95,0.0,538.95,383.67,155.28,Credit Card,Completed,13,11,No
ORD-01432,2024-09-07,CUST-0286,Customer 286,Consumer,Asia Pacific,Singapore,Online,Accessories,USB-C Hub,4,1637.68,0.1,5895.65,4022.66,1872.99,Credit Card,Completed,1,8,Yes
ORD-00703,2024-09-08,CUST-0064,Customer 64,Corporate,Europe,United Kingdom,Retail Store,Office Supplies,Office Organizer,3,1346.08,0.02,3957.48,2700.95,1256.53,Cash,Completed,3,10,Yes
ORD-00266,2024-09-08,CUST-0267,Customer 267,Consumer,Middle East,UAE,Online,Technology,Laptop Pro 14,8,749.67,0.08,5517.57,3864.56,1653.01,PayPal,Completed,12,4,No
ORD-01485,2024-09-09,CUST-0100,Customer 100,Consumer,Europe,France,Online,Accessories,Wireless Mouse,9,1153.62,0.1,9344.32,5692.59,3651.73,PayPal,Shipped,12,6,No
ORD-00704,2024-09-10,CUST-0124,Customer 124,Corporate,North America,Canada,Online,Technology,Laptop Pro 14,10,124.76,0.0,1247.6,793.91,453.69,PayPal,Completed,9,7,No
ORD-01179,2024-09-11,CUST-0128,Customer 128,Corporate,Middle East,Pakistan,Retail Store,Office Supplies,Ink Cartridge,7,758.38,0.08,4883.97,3388.33,1495.64,Cash,Shipped,1,4,Yes
ORD-00891,2024-09-11,CUST-0046,Customer 46,Corporate,Middle East,Saudi Arabia,Online,Accessories,Wireless Mouse,7,413.69,0.15,2461.46,1682.93,778.53,Bank Transfer,Completed,3,5,Yes
ORD-00458,2024-09-11,CUST-0270,Customer 270,Corporate,Europe,Germany,Partner,Technology,Laptop Pro 14,3,813.72,0.05,2319.1,1819.84,499.26,Bank Transfer,Completed,6,3,No
ORD-00331,2024-09-12,CUST-0176,Customer 176,Consumer,Europe,United Kingdom,Online,Office Supplies,Ink Cartridge,7,169.29,0.08,1090.23,571.04,519.19,Cash,Completed,14,11,No
ORD-01478,2024-09-12,CUST-0194,Customer 194,Consumer,Middle East,Pakistan,Partner,Office Supplies,Office Organizer,1,223.65,0.15,190.1,148.34,41.76,PayPal,Completed,14,3,No
ORD-01051,2024-09-12,CUST-0023,Customer 23,Consumer,Latin America,Mexico,Online,Furniture,Executive Chair,5,197.12,0.05,936.32,587.55,348.77,Bank Transfer,Completed,8,6,No
ORD-00609,2024-09-13,CUST-0074,Customer 74,Small Business,Europe,France,Online,Technology,Business Monitor,3,1454.63,0.05,4145.7,2236.32,1909.38,PayPal,Completed,10,6,No
ORD-00757,2024-09-14,CUST-0145,Customer 145,Consumer,Asia Pacific,India,Retail Store,Technology,Laptop Pro 14,8,1262.3,0.02,9896.43,5231.82,4664.61,Credit Card,Completed,10,3,No
ORD-01315,2024-09-14,CUST-0169,Customer 169,Small Business,Europe,United Kingdom,Online,Technology,Laptop Pro 14,4,275.45,0.08,1013.66,818.7,194.96,Bank Transfer,Completed,2,6,Yes
ORD-01219,2024-09-15,CUST-0231,Customer 231,Corporate,Asia Pacific,Singapore,Partner,Technology,Tablet X,8,1529.98,0.02,11995.04,6619.96,5375.08,Bank Transfer,Completed,1,7,Yes
ORD-00563,2024-09-15,CUST-0019,Customer 19,Corporate,North America,United States,Retail Store,Accessories,Mechanical Keyboard,10,440.64,0.02,4318.27,2675.2,1643.07,PayPal,Completed,10,10,Yes
ORD-00780,2024-09-15,CUST-0066,Customer 66,Corporate,Asia Pacific,Singapore,Online,Technology,Wireless Router,1,951.83,0.1,856.65,520.15,336.5,Bank Transfer,Completed,14,7,No
ORD-00707,2024-09-15,CUST-0078,Customer 78,Small Business,Europe,France,Online,Technology,Business Monitor,10,1001.54,0.05,9514.63,7559.59,1955.04,Cash,Shipped,12,11,No
ORD-00541,2024-09-17,CUST-0174,Customer 174,Corporate,Latin America,Mexico,Online,Furniture,Conference Table,10,160.09,0.0,1600.9,881.04,719.86,Cash,Completed,10,6,No
ORD-01428,2024-09-17,CUST-0239,Customer 239,Corporate,Latin America,Brazil,Partner,Accessories,Mechanical Keyboard,1,260.83,0.05,247.79,168.73,79.06,Credit Card,Returned,13,8,No
ORD-01499,2024-09-18,CUST-0077,Customer 77,Small Business,Europe,France,Retail Store,Accessories,Webcam,7,855.34,0.08,5508.39,3887.61,1620.78,PayPal,Completed,10,4,No
ORD-01185,2024-09-18,CUST-0155,Customer 155,Corporate,North America,Canada,Online,Technology,Tablet X,3,594.01,0.1,1603.83,966.66,637.17,Credit Card,Completed,5,9,Yes
ORD-01431,2024-09-18,CUST-0293,Customer 293,Small Business,Europe,United Kingdom,Online,Furniture,Storage Cabinet,5,1313.22,0.0,6566.1,4662.83,1903.27,Cash,Completed,7,6,No
ORD-00141,2024-09-18,CUST-0155,Customer 155,Small Business,Latin America,Brazil,Online,Furniture,Standing Desk,6,166.05,0.05,946.48,669.43,277.05,PayPal,Completed,7,7,Yes
ORD-01331,2024-09-18,CUST-0153,Customer 153,Consumer,Asia Pacific,Australia,Online,Accessories,Wireless Mouse,4,397.15,0.08,1461.51,1161.81,299.7,PayPal,Completed,6,9,Yes
ORD-00989,2024-09-19,CUST-0059,Customer 59,Consumer,North America,Canada,Online,Furniture,Standing Desk,3,1457.62,0.05,4154.22,2659.57,1494.65,PayPal,Shipped,3,4,Yes
ORD-00953,2024-09-19,CUST-0016,Customer 16,Corporate,North America,United States,Retail Store,Office Supplies,Office Organizer,4,982.14,0.0,3928.56,2070.55,1858.01,Credit Card,Completed,3,7,Yes
ORD-00888,2024-09-20,CUST-0032,Customer 32,Corporate,North America,United States,Online,Accessories,Webcam,6,1748.56,0.08,9652.05,6234.85,3417.2,PayPal,Completed,4,11,Yes
ORD-00271,2024-09-20,CUST-0045,Customer 45,Corporate,Middle East,Pakistan,Online,Office Supplies,Office Organizer,1,760.5,0.0,760.5,543.41,217.09,Bank Transfer,Completed,12,10,No
ORD-00247,2024-09-20,CUST-0011,Customer 11,Consumer,Europe,France,Online,Office Supplies,Premium Paper,5,860.75,0.02,4217.68,2767.46,1450.22,Bank Transfer,Completed,10,4,No
ORD-01015,2024-09-20,CUST-0111,Customer 111,Corporate,Asia Pacific,India,Online,Office Supplies,Premium Paper,9,557.31,0.05,4765.0,3597.99,1167.01,Credit Card,Completed,13,3,No
ORD-01227,2024-09-20,CUST-0292,Customer 292,Corporate,Europe,United Kingdom,Online,Accessories,Wireless Mouse,2,1124.99,0.1,2024.98,1236.1,788.88,Cash,Completed,12,8,No
ORD-01114,2024-09-20,CUST-0080,Customer 80,Small Business,Asia Pacific,Australia,Retail Store,Accessories,USB-C Hub,5,93.98,0.1,422.91,278.8,144.11,Cash,Completed,9,6,No
ORD-00916,2024-09-21,CUST-0057,Customer 57,Corporate,Europe,Germany,Online,Office Supplies,Ink Cartridge,6,481.29,0.08,2656.72,1614.8,1041.92,Credit Card,Completed,4,3,No
ORD-00236,2024-09-21,CUST-0006,Customer 6,Consumer,Middle East,Pakistan,Retail Store,Accessories,Wireless Mouse,3,1699.92,0.08,4691.78,2596.04,2095.74,Cash,Completed,2,6,Yes
ORD-00967,2024-09-21,CUST-0284,Customer 284,Consumer,Middle East,Saudi Arabia,Online,Technology,Wireless Router,8,1785.16,0.02,13995.65,9677.88,4317.77,Credit Card,Completed,14,4,No
ORD-00359,2024-09-21,CUST-0230,Customer 230,Consumer,Latin America,Brazil,Retail Store,Technology,Wireless Router,1,836.48,0.08,769.56,449.14,320.42,Cash,Shipped,4,6,Yes
ORD-00500,2024-09-22,CUST-0208,Customer 208,Consumer,Latin America,Mexico,Online,Technology,Tablet X,6,168.35,0.15,858.58,681.31,177.27,Cash,Completed,4,3,No
ORD-00834,2024-09-22,CUST-0266,Customer 266,Corporate,North America,United States,Partner,Office Supplies,Printer,9,657.04,0.0,0.0,3885.63,0.0,PayPal,Cancelled,6,4,No
ORD-01146,2024-09-22,CUST-0300,Customer 300,Consumer,Latin America,Brazil,Online,Technology,Tablet X,7,347.48,0.08,2237.77,1554.44,683.33,Cash,Shipped,13,6,No
ORD-00857,2024-09-22,CUST-0298,Customer 298,Consumer,North America,United States,Online,Technology,Tablet X,5,1355.51,0.08,6235.35,3854.44,2380.91,Credit Card,Completed,11,6,No
ORD-00469,2024-09-23,CUST-0078,Customer 78,Consumer,North America,Canada,Retail Store,Office Supplies,Office Organizer,9,1379.48,0.02,12167.01,8742.91,3424.1,Cash,Completed,5,3,No
ORD-00909,2024-09-23,CUST-0231,Customer 231,Corporate,North America,Canada,Partner,Office Supplies,Printer,3,1690.37,0.0,5071.11,3017.88,2053.23,Cash,Completed,10,7,No
ORD-01336,2024-09-24,CUST-0019,Customer 19,Corporate,Asia Pacific,Singapore,Online,Furniture,Standing Desk,9,1757.61,0.15,13445.72,9715.11,3730.61,Credit Card,Completed,14,6,No
ORD-00917,2024-09-24,CUST-0191,Customer 191,Corporate,Europe,United Kingdom,Online,Technology,Laptop Pro 14,8,948.21,0.05,7206.4,4124.27,3082.13,Credit Card,Completed,7,11,Yes
ORD-01458,2024-09-25,CUST-0256,Customer 256,Consumer,Asia Pacific,Australia,Online,Office Supplies,Office Organizer,1,192.09,0.1,172.88,116.34,56.54,Bank Transfer,Shipped,13,6,No
ORD-00747,2024-09-25,CUST-0179,Customer 179,Consumer,Europe,Germany,Online,Furniture,Conference Table,10,161.2,0.02,1579.76,1228.88,350.88,Cash,Completed,4,8,Yes
ORD-01456,2024-09-26,CUST-0245,Customer 245,Corporate,Latin America,Brazil,Online,Office Supplies,Office Organizer,8,1291.79,0.05,9817.6,5643.24,4174.36,Credit Card,Completed,11,8,No
ORD-01089,2024-09-26,CUST-0212,Customer 212,Consumer,Latin America,Brazil,Online,Office Supplies,Office Organizer,5,1005.71,0.05,4777.12,2769.96,2007.16,Cash,Completed,3,10,Yes
ORD-00102,2024-09-27,CUST-0129,Customer 129,Corporate,Asia Pacific,Singapore,Online,Office Supplies,Ink Cartridge,5,615.24,0.02,3014.68,1972.39,1042.29,Bank Transfer,Completed,6,9,Yes
ORD-00254,2024-09-29,CUST-0143,Customer 143,Small Business,Europe,Germany,Online,Furniture,Conference Table,10,1287.81,0.02,0.0,9100.41,0.0,Cash,Cancelled,10,9,No
ORD-01169,2024-09-30,CUST-0228,Customer 228,Corporate,North America,Canada,Partner,Accessories,USB-C Hub,10,1020.11,0.05,9691.04,7480.39,2210.65,Cash,Completed,1,4,Yes
ORD-00286,2024-09-30,CUST-0282,Customer 282,Small Business,North America,United States,Retail Store,Technology,Tablet X,6,1639.35,0.05,9344.29,5915.36,3428.93,Bank Transfer,Completed,9,11,Yes
ORD-00453,2024-10-01,CUST-0279,Customer 279,Consumer,Europe,United Kingdom,Retail Store,Accessories,Mechanical Keyboard,3,402.16,0.15,1025.51,567.91,457.6,Bank Transfer,Completed,12,3,No
ORD-00939,2024-10-01,CUST-0009,Customer 9,Corporate,North America,Canada,Online,Furniture,Storage Cabinet,2,1406.94,0.2,2251.1,1208.05,1043.05,Credit Card,Completed,5,9,Yes
ORD-00577,2024-10-01,CUST-0291,Customer 291,Small Business,North America,Canada,Online,Technology,Laptop Pro 14,7,1140.32,0.1,7184.02,5420.46,1763.56,Bank Transfer,Completed,6,4,No
ORD-01048,2024-10-01,CUST-0295,Customer 295,Small Business,North America,Canada,Partner,Office Supplies,Office Organizer,6,1102.72,0.15,5623.87,3643.8,1980.07,Bank Transfer,Completed,6,11,Yes
ORD-01257,2024-10-01,CUST-0141,Customer 141,Corporate,North America,United States,Partner,Office Supplies,Office Organizer,7,445.07,0.15,2648.17,1522.02,1126.15,Bank Transfer,Completed,14,8,No
ORD-00946,2024-10-02,CUST-0247,Customer 247,Consumer,North America,Canada,Partner,Technology,Business Monitor,7,1158.2,0.08,7458.81,4207.17,3251.64,Bank Transfer,Completed,10,3,No
ORD-01246,2024-10-02,CUST-0219,Customer 219,Small Business,Asia Pacific,Australia,Online,Office Supplies,Premium Paper,6,71.2,0.08,0.0,281.58,0.0,Bank Transfer,Cancelled,9,3,No
ORD-00076,2024-10-03,CUST-0097,Customer 97,Small Business,Middle East,UAE,Online,Technology,Wireless Router,5,519.57,0.1,2338.07,1912.57,425.5,Bank Transfer,Shipped,4,3,No
ORD-00466,2024-10-03,CUST-0017,Customer 17,Consumer,Europe,United Kingdom,Online,Office Supplies,Office Organizer,3,1224.61,0.15,3122.76,2241.89,880.87,Cash,Completed,9,4,No
ORD-00387,2024-10-03,CUST-0071,Customer 71,Small Business,Europe,France,Partner,Technology,Wireless Router,5,929.73,0.05,4416.22,2841.01,1575.21,Credit Card,Completed,14,6,No
ORD-01173,2024-10-03,CUST-0209,Customer 209,Corporate,Asia Pacific,India,Retail Store,Accessories,Mechanical Keyboard,9,36.66,0.15,280.45,192.99,87.46,Bank Transfer,Completed,14,3,No
ORD-00808,2024-10-03,CUST-0182,Customer 182,Small Business,Latin America,Mexico,Retail Store,Office Supplies,Ink Cartridge,10,587.49,0.1,0.0,3379.9,0.0,Bank Transfer,Cancelled,5,9,Yes
ORD-00095,2024-10-03,CUST-0225,Customer 225,Consumer,Middle East,Saudi Arabia,Retail Store,Office Supplies,Ink Cartridge,6,152.81,0.08,843.51,628.87,214.64,Bank Transfer,Completed,2,7,Yes
ORD-00610,2024-10-03,CUST-0123,Customer 123,Consumer,Asia Pacific,Singapore,Online,Office Supplies,Office Organizer,10,1622.18,0.02,15897.36,11790.25,4107.11,Bank Transfer,Returned,6,9,Yes
ORD-00955,2024-10-04,CUST-0241,Customer 241,Corporate,Europe,Germany,Online,Technology,Wireless Router,6,1202.13,0.0,7212.78,3990.29,3222.49,Bank Transfer,Completed,5,9,Yes
ORD-00196,2024-10-04,CUST-0070,Customer 70,Small Business,Europe,Germany,Online,Technology,Wireless Router,1,1599.83,0.08,1471.84,970.14,501.7,Credit Card,Completed,3,9,Yes
ORD-01272,2024-10-06,CUST-0069,Customer 69,Consumer,Latin America,Mexico,Online,Furniture,Standing Desk,6,1418.63,0.05,0.0,6495.63,0.0,PayPal,Cancelled,7,11,Yes
ORD-00432,2024-10-07,CUST-0203,Customer 203,Small Business,Middle East,UAE,Retail Store,Technology,Business Monitor,4,480.51,0.02,1883.6,1264.9,618.7,Cash,Completed,11,8,No
ORD-01111,2024-10-07,CUST-0290,Customer 290,Small Business,Middle East,Pakistan,Online,Technology,Business Monitor,5,1020.28,0.05,4846.33,3840.42,1005.91,Cash,Completed,7,7,Yes
ORD-00501,2024-10-08,CUST-0248,Customer 248,Consumer,Asia Pacific,Australia,Partner,Furniture,Executive Chair,7,470.41,0.05,3128.23,2331.4,796.83,Cash,Completed,9,5,No
ORD-01447,2024-10-08,CUST-0036,Customer 36,Small Business,Asia Pacific,Australia,Online,Office Supplies,Office Organizer,1,481.98,0.08,443.42,275.68,167.74,Credit Card,Completed,6,5,No
ORD-00765,2024-10-08,CUST-0072,Customer 72,Consumer,North America,Canada,Online,Office Supplies,Ink Cartridge,5,73.17,0.2,292.68,217.73,74.95,PayPal,Completed,12,6,No
ORD-00406,2024-10-08,CUST-0277,Customer 277,Consumer,Latin America,Brazil,Online,Furniture,Standing Desk,6,772.72,0.2,3709.06,2471.51,1237.55,Bank Transfer,Returned,3,5,Yes
ORD-00562,2024-10-08,CUST-0052,Customer 52,Consumer,North America,Canada,Retail Store,Technology,Wireless Router,9,1315.63,0.15,10064.57,6693.0,3371.57,Bank Transfer,Completed,4,10,Yes
ORD-01223,2024-10-08,CUST-0280,Customer 280,Small Business,Europe,France,Retail Store,Accessories,Webcam,10,1307.24,0.0,13072.4,7011.47,6060.93,Bank Transfer,Returned,4,11,Yes
ORD-01167,2024-10-09,CUST-0298,Customer 298,Corporate,Middle East,UAE,Retail Store,Furniture,Standing Desk,10,283.46,0.0,2834.6,2019.19,815.41,PayPal,Completed,5,5,Yes
ORD-01305,2024-10-09,CUST-0125,Customer 125,Corporate,Asia Pacific,Australia,Partner,Accessories,Webcam,10,1319.2,0.02,0.0,8547.61,0.0,Credit Card,Cancelled,11,6,No
ORD-01439,2024-10-09,CUST-0219,Customer 219,Consumer,North America,Canada,Online,Furniture,Conference Table,8,129.51,0.02,1015.36,721.82,293.54,Bank Transfer,Completed,2,10,Yes
ORD-01192,2024-10-10,CUST-0050,Customer 50,Consumer,Asia Pacific,India,Retail Store,Office Supplies,Premium Paper,3,1237.33,0.0,3711.99,2609.51,1102.48,Credit Card,Returned,3,8,Yes
ORD-00727,2024-10-10,CUST-0292,Customer 292,Consumer,North America,Canada,Online,Technology,Tablet X,6,1398.46,0.15,7132.15,4726.96,2405.19,PayPal,Completed,9,9,Yes
ORD-00002,2024-10-11,CUST-0168,Customer 168,Consumer,Latin America,Mexico,Online,Office Supplies,Premium Paper,6,202.47,0.02,0.0,905.91,0.0,Cash,Cancelled,7,9,Yes
ORD-00353,2024-10-11,CUST-0145,Customer 145,Consumer,Asia Pacific,Australia,Online,Technology,Business Monitor,10,1606.38,0.05,15260.61,8312.54,6948.07,Cash,Shipped,9,6,No
ORD-01464,2024-10-11,CUST-0140,Customer 140,Consumer,Asia Pacific,India,Online,Technology,Tablet X,2,653.58,0.0,1307.16,833.74,473.42,Bank Transfer,Completed,11,6,No
ORD-00342,2024-10-11,CUST-0155,Customer 155,Consumer,Europe,France,Online,Technology,Tablet X,4,982.57,0.02,3851.67,2570.38,1281.29,Bank Transfer,Completed,8,4,No
ORD-01329,2024-10-11,CUST-0131,Customer 131,Corporate,Asia Pacific,Australia,Online,Office Supplies,Premium Paper,10,602.38,0.05,5722.61,4392.0,1330.61,Credit Card,Completed,11,5,No
ORD-01405,2024-10-13,CUST-0201,Customer 201,Corporate,Asia Pacific,Australia,Online,Accessories,Webcam,4,794.69,0.08,2924.46,2269.98,654.48,PayPal,Shipped,6,7,Yes
ORD-00111,2024-10-15,CUST-0089,Customer 89,Small Business,Europe,Germany,Partner,Accessories,Webcam,8,1264.34,0.1,9103.25,6342.98,2760.27,Credit Card,Returned,4,6,Yes
ORD-00756,2024-10-15,CUST-0181,Customer 181,Small Business,Middle East,Pakistan,Online,Accessories,Webcam,9,314.29,0.1,2545.75,1698.11,847.64,Cash,Completed,13,10,No
ORD-01491,2024-10-15,CUST-0072,Customer 72,Consumer,North America,United States,Online,Office Supplies,Printer,5,706.13,0.0,3530.65,2493.84,1036.81,Bank Transfer,Completed,2,10,Yes
ORD-00189,2024-10-17,CUST-0237,Customer 237,Consumer,Asia Pacific,Australia,Online,Furniture,Executive Chair,5,728.18,0.02,3568.08,2547.76,1020.32,PayPal,Completed,3,6,Yes
ORD-00257,2024-10-17,CUST-0164,Customer 164,Consumer,Latin America,Brazil,Online,Accessories,Wireless Mouse,9,1351.92,0.1,10950.55,6589.6,4360.95,PayPal,Completed,2,8,Yes
ORD-00520,2024-10-17,CUST-0019,Customer 19,Consumer,North America,United States,Online,Technology,Laptop Pro 14,10,702.22,0.08,6460.42,4963.18,1497.24,PayPal,Completed,10,9,No
ORD-00925,2024-10-18,CUST-0238,Customer 238,Consumer,Europe,Germany,Online,Furniture,Storage Cabinet,8,1677.07,0.02,13148.23,8552.86,4595.37,Bank Transfer,Completed,12,8,No
ORD-00414,2024-10-23,CUST-0116,Customer 116,Corporate,Asia Pacific,Singapore,Online,Office Supplies,Office Organizer,2,748.25,0.1,1346.85,733.25,613.6,Credit Card,Completed,11,9,No
ORD-00686,2024-10-24,CUST-0091,Customer 91,Consumer,Asia Pacific,Australia,Online,Office Supplies,Ink Cartridge,5,1504.86,0.1,6771.87,5103.15,1668.72,Cash,Completed,7,3,No
ORD-01417,2024-10-24,CUST-0072,Customer 72,Consumer,North America,Canada,Online,Accessories,USB-C Hub,6,47.74,0.0,286.44,158.77,127.67,Cash,Completed,9,6,No
ORD-01205,2024-10-25,CUST-0250,Customer 250,Corporate,Europe,Germany,Retail Store,Technology,Business Monitor,1,1762.04,0.1,1585.84,1273.98,311.86,Cash,Completed,3,9,Yes
ORD-01388,2024-10-26,CUST-0133,Customer 133,Consumer,North America,Canada,Online,Technology,Tablet X,4,1215.93,0.08,4474.62,3223.83,1250.79,Cash,Completed,14,7,No
ORD-01412,2024-10-26,CUST-0209,Customer 209,Corporate,North America,Canada,Online,Technology,Business Monitor,3,790.19,0.15,2014.98,1579.18,435.8,Bank Transfer,Completed,13,6,No
ORD-01344,2024-10-27,CUST-0287,Customer 287,Consumer,Middle East,UAE,Partner,Technology,Wireless Router,4,991.42,0.02,3886.37,2999.85,886.52,Bank Transfer,Completed,4,8,Yes
ORD-00335,2024-10-27,CUST-0244,Customer 244,Consumer,North America,United States,Online,Furniture,Conference Table,3,1064.03,0.0,3192.09,1882.63,1309.46,Credit Card,Shipped,8,11,Yes
ORD-01221,2024-10-28,CUST-0057,Customer 57,Consumer,Latin America,Mexico,Retail Store,Technology,Tablet X,7,710.68,0.1,4477.28,3668.21,809.07,PayPal,Shipped,9,7,No
ORD-01193,2024-10-28,CUST-0081,Customer 81,Consumer,Europe,France,Online,Office Supplies,Office Organizer,3,1362.55,0.05,0.0,2672.24,0.0,Bank Transfer,Cancelled,13,4,No
ORD-00398,2024-10-30,CUST-0269,Customer 269,Consumer,Europe,France,Online,Accessories,USB-C Hub,10,1206.44,0.05,11461.18,9157.51,2303.67,Bank Transfer,Completed,14,8,No
ORD-00717,2024-10-30,CUST-0158,Customer 158,Consumer,Middle East,UAE,Online,Technology,Laptop Pro 14,6,260.65,0.1,1407.51,1001.6,405.91,PayPal,Completed,13,10,No
ORD-00445,2024-10-30,CUST-0045,Customer 45,Consumer,Middle East,Pakistan,Online,Office Supplies,Printer,2,1315.31,0.05,2499.09,2026.8,472.29,PayPal,Completed,6,9,Yes
ORD-01298,2024-10-30,CUST-0034,Customer 34,Corporate,North America,United States,Retail Store,Accessories,Mechanical Keyboard,6,940.69,0.02,5531.26,3518.99,2012.27,PayPal,Completed,10,6,No
ORD-01326,2024-10-31,CUST-0058,Customer 58,Consumer,Europe,United Kingdom,Retail Store,Technology,Tablet X,8,955.04,0.0,7640.32,3983.97,3656.35,Bank Transfer,Returned,14,6,No
ORD-00804,2024-10-31,CUST-0021,Customer 21,Corporate,Asia Pacific,Australia,Retail Store,Furniture,Storage Cabinet,2,930.55,0.08,1712.21,1273.27,438.94,PayPal,Completed,5,5,Yes
ORD-00792,2024-11-01,CUST-0125,Customer 125,Consumer,Asia Pacific,India,Retail Store,Accessories,USB-C Hub,5,118.87,0.0,594.35,458.11,136.24,PayPal,Completed,3,6,Yes
ORD-00268,2024-11-02,CUST-0039,Customer 39,Corporate,Asia Pacific,India,Retail Store,Furniture,Conference Table,9,1732.3,0.05,14811.16,10679.67,4131.49,Bank Transfer,Completed,3,8,Yes
ORD-00817,2024-11-03,CUST-0009,Customer 9,Small Business,Asia Pacific,Singapore,Online,Technology,Business Monitor,3,809.23,0.02,2379.14,1761.09,618.05,Cash,Completed,14,11,No
ORD-00864,2024-11-03,CUST-0212,Customer 212,Consumer,Europe,France,Online,Furniture,Standing Desk,6,585.29,0.05,3336.15,2658.75,677.4,PayPal,Completed,1,9,Yes
ORD-00062,2024-11-04,CUST-0248,Customer 248,Consumer,North America,Canada,Online,Furniture,Standing Desk,7,190.33,0.02,1305.66,989.26,316.4,Cash,Completed,7,6,No
ORD-00893,2024-11-04,CUST-0274,Customer 274,Small Business,Middle East,Pakistan,Online,Office Supplies,Ink Cartridge,3,1377.97,0.02,4051.23,3243.31,807.92,Cash,Completed,11,6,No
ORD-00932,2024-11-04,CUST-0263,Customer 263,Small Business,Middle East,Pakistan,Online,Technology,Tablet X,10,1338.99,0.2,10711.92,6332.06,4379.86,Cash,Completed,3,3,Yes
ORD-00550,2024-11-04,CUST-0121,Customer 121,Consumer,Middle East,Pakistan,Retail Store,Accessories,Webcam,4,1710.13,0.1,6156.47,4455.51,1700.96,Cash,Completed,7,11,Yes
ORD-00297,2024-11-04,CUST-0040,Customer 40,Corporate,Middle East,Pakistan,Online,Technology,Business Monitor,7,1544.8,0.02,10597.33,8306.45,2290.88,Bank Transfer,Completed,2,11,Yes
ORD-01025,2024-11-05,CUST-0165,Customer 165,Consumer,Latin America,Mexico,Online,Furniture,Conference Table,4,108.42,0.08,398.99,208.79,190.2,Cash,Completed,11,11,Yes
ORD-01268,2024-11-05,CUST-0175,Customer 175,Consumer,Europe,United Kingdom,Online,Technology,Laptop Pro 14,2,1666.96,0.05,3167.22,2009.95,1157.27,Credit Card,Completed,7,7,Yes
ORD-01228,2024-11-06,CUST-0266,Customer 266,Consumer,North America,Canada,Retail Store,Furniture,Storage Cabinet,2,1767.2,0.15,3004.24,1743.24,1261.0,Bank Transfer,Completed,13,5,No
ORD-00251,2024-11-06,CUST-0029,Customer 29,Corporate,Europe,Germany,Partner,Office Supplies,Ink Cartridge,8,1732.51,0.08,12751.27,10162.04,2589.23,PayPal,Completed,1,5,Yes
ORD-00042,2024-11-06,CUST-0294,Customer 294,Consumer,Europe,Germany,Retail Store,Furniture,Standing Desk,2,942.35,0.08,1733.92,1356.3,377.62,Cash,Completed,2,7,Yes
ORD-00101,2024-11-06,CUST-0277,Customer 277,Consumer,North America,Canada,Online,Furniture,Executive Chair,6,1013.38,0.05,5776.27,4494.99,1281.28,Cash,Completed,10,9,No
ORD-00560,2024-11-10,CUST-0187,Customer 187,Small Business,Asia Pacific,Australia,Online,Technology,Business Monitor,10,560.07,0.05,5320.67,3169.15,2151.52,PayPal,Completed,14,6,No
ORD-00444,2024-11-10,CUST-0037,Customer 37,Consumer,Europe,United Kingdom,Retail Store,Office Supplies,Premium Paper,8,1179.66,0.02,9248.53,4832.28,4416.25,Credit Card,Completed,1,6,Yes
ORD-00867,2024-11-10,CUST-0096,Customer 96,Corporate,North America,United States,Online,Office Supplies,Premium Paper,2,93.2,0.15,0.0,110.09,0.0,Bank Transfer,Cancelled,13,4,No
ORD-01157,2024-11-10,CUST-0231,Customer 231,Small Business,North America,Canada,Online,Office Supplies,Office Organizer,8,1773.3,0.0,14186.4,8909.34,5277.06,PayPal,Returned,14,10,No
ORD-01084,2024-11-11,CUST-0300,Customer 300,Corporate,Latin America,Brazil,Online,Office Supplies,Printer,9,1212.09,0.15,9272.49,5774.26,3498.23,Credit Card,Completed,14,3,No
ORD-01425,2024-11-11,CUST-0074,Customer 74,Consumer,Latin America,Brazil,Online,Technology,Wireless Router,2,1527.53,0.05,2902.31,1590.04,1312.27,Credit Card,Completed,13,5,No
ORD-00511,2024-11-11,CUST-0086,Customer 86,Consumer,Asia Pacific,Australia,Online,Technology,Tablet X,7,1582.2,0.08,0.0,5927.04,0.0,Bank Transfer,Cancelled,9,9,Yes
ORD-00066,2024-11-12,CUST-0013,Customer 13,Corporate,Asia Pacific,India,Online,Office Supplies,Premium Paper,4,851.07,0.08,3131.94,1713.96,1417.98,Cash,Completed,11,9,No
ORD-00255,2024-11-12,CUST-0300,Customer 300,Consumer,North America,Canada,Partner,Office Supplies,Ink Cartridge,10,1712.79,0.08,15757.67,10385.15,5372.52,Cash,Returned,10,6,No
ORD-01461,2024-11-14,CUST-0207,Customer 207,Consumer,Europe,Germany,Online,Furniture,Standing Desk,2,1422.94,0.0,2845.88,2114.94,730.94,Cash,Completed,11,5,No
ORD-00167,2024-11-14,CUST-0204,Customer 204,Small Business,Europe,France,Retail Store,Technology,Laptop Pro 14,3,593.26,0.08,0.0,1027.17,0.0,Bank Transfer,Cancelled,9,8,No
ORD-00344,2024-11-15,CUST-0099,Customer 99,Consumer,Europe,United Kingdom,Partner,Furniture,Standing Desk,7,1529.17,0.0,10704.19,5892.36,4811.83,PayPal,Completed,9,9,Yes
ORD-00064,2024-11-15,CUST-0177,Customer 177,Corporate,Europe,United Kingdom,Retail Store,Furniture,Executive Chair,4,722.06,0.05,2743.83,1503.7,1240.13,PayPal,Shipped,12,11,No
ORD-00087,2024-11-17,CUST-0214,Customer 214,Consumer,Middle East,Saudi Arabia,Retail Store,Accessories,USB-C Hub,2,951.92,0.08,1751.53,1355.94,395.59,Credit Card,Completed,13,11,No
ORD-00755,2024-11-18,CUST-0086,Customer 86,Small Business,North America,United States,Online,Furniture,Executive Chair,7,715.36,0.15,4256.39,3155.93,1100.46,Bank Transfer,Completed,4,9,Yes
ORD-00931,2024-11-18,CUST-0058,Customer 58,Consumer,North America,Canada,Retail Store,Furniture,Conference Table,7,1428.77,0.0,10001.39,7675.91,2325.48,PayPal,Completed,12,10,No
ORD-00437,2024-11-19,CUST-0007,Customer 7,Consumer,North America,Canada,Online,Technology,Wireless Router,9,652.51,0.1,5285.33,3826.06,1459.27,PayPal,Completed,10,5,No
ORD-00429,2024-11-19,CUST-0263,Customer 263,Consumer,Europe,Germany,Retail Store,Technology,Business Monitor,9,926.62,0.15,7088.64,5016.63,2072.01,Cash,Completed,10,3,No
ORD-00357,2024-11-20,CUST-0118,Customer 118,Small Business,North America,Canada,Partner,Accessories,Wireless Mouse,1,251.36,0.15,213.66,173.74,39.92,Bank Transfer,Completed,6,6,Yes
ORD-00619,2024-11-20,CUST-0201,Customer 201,Consumer,Middle East,Saudi Arabia,Online,Furniture,Conference Table,2,351.25,0.05,667.38,373.91,293.47,PayPal,Completed,6,7,Yes
ORD-00694,2024-11-21,CUST-0199,Customer 199,Small Business,North America,United States,Partner,Technology,Business Monitor,7,910.75,0.05,6056.49,4205.94,1850.55,Bank Transfer,Shipped,14,11,No
ORD-00973,2024-11-21,CUST-0292,Customer 292,Corporate,Middle East,Pakistan,Partner,Furniture,Executive Chair,9,683.92,0.0,6155.28,4833.26,1322.02,Bank Transfer,Completed,2,4,Yes
ORD-00711,2024-11-21,CUST-0103,Customer 103,Consumer,Middle East,Saudi Arabia,Partner,Technology,Laptop Pro 14,3,1454.42,0.05,4145.1,2483.21,1661.89,PayPal,Completed,11,9,No
ORD-01152,2024-11-21,CUST-0075,Customer 75,Consumer,Middle East,Pakistan,Online,Office Supplies,Printer,3,1645.09,0.0,4935.27,2625.59,2309.68,Cash,Completed,9,3,No
ORD-00056,2024-11-22,CUST-0066,Customer 66,Corporate,Latin America,Mexico,Online,Office Supplies,Ink Cartridge,4,729.91,0.02,2861.25,2079.99,781.26,Cash,Completed,6,7,Yes
ORD-01310,2024-11-22,CUST-0107,Customer 107,Consumer,Middle East,Pakistan,Online,Technology,Tablet X,8,1164.69,0.15,7919.89,5316.25,2603.64,Cash,Shipped,3,9,Yes
ORD-00478,2024-11-23,CUST-0212,Customer 212,Consumer,Asia Pacific,Australia,Retail Store,Office Supplies,Premium Paper,1,1581.88,0.08,1455.33,867.09,588.24,Bank Transfer,Returned,9,3,No
ORD-00171,2024-11-24,CUST-0059,Customer 59,Consumer,Asia Pacific,Singapore,Online,Accessories,Webcam,3,87.99,0.05,250.77,137.59,113.18,PayPal,Completed,6,11,Yes
ORD-00760,2024-11-25,CUST-0068,Customer 68,Corporate,Middle East,Saudi Arabia,Online,Office Supplies,Printer,10,540.11,0.08,4969.01,3655.39,1313.62,Bank Transfer,Completed,1,7,Yes
ORD-01371,2024-11-25,CUST-0187,Customer 187,Small Business,Latin America,Mexico,Online,Accessories,Webcam,5,1741.73,0.02,8534.48,6164.21,2370.27,Credit Card,Completed,9,5,No
ORD-00829,2024-11-25,CUST-0054,Customer 54,Consumer,Middle East,Saudi Arabia,Online,Technology,Laptop Pro 14,7,1447.1,0.1,9116.73,6714.37,2402.36,Bank Transfer,Shipped,9,3,No
ORD-01444,2024-11-25,CUST-0293,Customer 293,Consumer,Europe,United Kingdom,Online,Technology,Business Monitor,10,1280.38,0.1,11523.42,9060.6,2462.82,Bank Transfer,Completed,13,7,No
ORD-01014,2024-11-27,CUST-0169,Customer 169,Corporate,North America,United States,Retail Store,Furniture,Standing Desk,6,359.83,0.2,1727.18,1392.27,334.91,Cash,Completed,10,5,No
ORD-01024,2024-11-28,CUST-0239,Customer 239,Small Business,Latin America,Brazil,Online,Accessories,Webcam,4,1501.58,0.05,5706.0,4485.98,1220.02,PayPal,Completed,2,10,Yes
ORD-00807,2024-11-28,CUST-0043,Customer 43,Consumer,Latin America,Mexico,Retail Store,Furniture,Storage Cabinet,7,77.32,0.15,460.05,342.43,117.62,Bank Transfer,Completed,11,4,No
ORD-00362,2024-11-28,CUST-0249,Customer 249,Corporate,Asia Pacific,Australia,Partner,Furniture,Executive Chair,7,68.32,0.1,0.0,323.48,0.0,Credit Card,Cancelled,8,4,No
ORD-00529,2024-11-28,CUST-0041,Customer 41,Small Business,North America,Canada,Online,Office Supplies,Printer,9,566.12,0.08,4687.47,2815.48,1871.99,Cash,Shipped,5,10,Yes
ORD-00024,2024-11-29,CUST-0164,Customer 164,Consumer,Europe,France,Online,Technology,Tablet X,2,167.54,0.05,318.33,231.6,86.73,PayPal,Completed,11,4,No
ORD-00643,2024-11-29,CUST-0167,Customer 167,Consumer,North America,Canada,Online,Office Supplies,Premium Paper,4,1306.37,0.15,4441.66,3623.98,817.68,PayPal,Completed,6,7,Yes
ORD-01017,2024-11-29,CUST-0087,Customer 87,Small Business,North America,Canada,Online,Furniture,Standing Desk,4,183.74,0.02,720.26,486.39,233.87,Bank Transfer,Shipped,3,4,Yes
ORD-01306,2024-11-30,CUST-0151,Customer 151,Consumer,Latin America,Brazil,Retail Store,Furniture,Executive Chair,5,1233.99,0.02,6046.55,3313.29,2733.26,Cash,Completed,3,9,Yes
ORD-00702,2024-11-30,CUST-0293,Customer 293,Consumer,North America,Canada,Partner,Accessories,Wireless Mouse,10,1302.16,0.05,12370.52,6562.21,5808.31,PayPal,Completed,10,11,Yes
ORD-00054,2024-11-30,CUST-0016,Customer 16,Consumer,Latin America,Mexico,Online,Office Supplies,Ink Cartridge,3,252.91,0.0,758.73,500.58,258.15,Cash,Completed,2,4,Yes
ORD-00570,2024-12-01,CUST-0144,Customer 144,Consumer,Europe,Germany,Retail Store,Office Supplies,Printer,6,874.97,0.05,4987.33,2774.66,2212.67,PayPal,Completed,13,7,No
ORD-01311,2024-12-01,CUST-0300,Customer 300,Small Business,North America,Canada,Online,Furniture,Standing Desk,7,908.31,0.05,6040.26,4679.64,1360.62,Credit Card,Completed,14,3,No
ORD-01041,2024-12-01,CUST-0049,Customer 49,Consumer,Asia Pacific,India,Online,Office Supplies,Office Organizer,3,1691.4,0.05,4820.49,3229.47,1591.02,Bank Transfer,Completed,12,5,No
ORD-00779,2024-12-04,CUST-0292,Customer 292,Corporate,Middle East,UAE,Retail Store,Furniture,Standing Desk,9,431.93,0.05,3693.0,2424.51,1268.49,PayPal,Completed,1,6,Yes
ORD-00137,2024-12-04,CUST-0192,Customer 192,Small Business,Asia Pacific,India,Online,Technology,Laptop Pro 14,9,682.68,0.08,5652.59,3497.49,2155.1,Bank Transfer,Returned,14,11,No
ORD-00028,2024-12-04,CUST-0253,Customer 253,Corporate,Asia Pacific,India,Online,Technology,Tablet X,10,1412.62,0.02,13843.68,10027.69,3815.99,PayPal,Completed,4,3,No
ORD-01273,2024-12-05,CUST-0108,Customer 108,Corporate,Middle East,UAE,Online,Technology,Wireless Router,7,951.53,0.05,6327.67,4449.77,1877.9,Credit Card,Completed,12,4,No
ORD-00512,2024-12-05,CUST-0039,Customer 39,Consumer,Europe,United Kingdom,Online,Furniture,Storage Cabinet,1,1645.54,0.0,1645.54,1228.75,416.79,Bank Transfer,Completed,5,5,Yes
ORD-01422,2024-12-05,CUST-0248,Customer 248,Consumer,Europe,United Kingdom,Online,Furniture,Storage Cabinet,5,1577.79,0.02,7731.17,6272.81,1458.36,Cash,Completed,9,10,Yes
ORD-00053,2024-12-05,CUST-0056,Customer 56,Corporate,Latin America,Mexico,Retail Store,Technology,Tablet X,9,324.79,0.1,2630.8,1384.61,1246.19,Cash,Completed,6,10,Yes
ORD-01232,2024-12-07,CUST-0140,Customer 140,Consumer,North America,Canada,Partner,Office Supplies,Office Organizer,7,496.02,0.05,3298.53,2098.41,1200.12,Cash,Completed,11,5,No
ORD-00332,2024-12-07,CUST-0028,Customer 28,Corporate,Middle East,Saudi Arabia,Retail Store,Technology,Tablet X,3,919.48,0.08,2537.76,2003.48,534.28,Bank Transfer,Completed,10,6,No
ORD-00664,2024-12-08,CUST-0173,Customer 173,Corporate,North America,Canada,Online,Furniture,Conference Table,8,94.64,0.15,643.55,383.92,259.63,Bank Transfer,Completed,4,9,Yes
ORD-01012,2024-12-09,CUST-0124,Customer 124,Small Business,Latin America,Mexico,Retail Store,Technology,Laptop Pro 14,5,1608.11,0.0,8040.55,5000.17,3040.38,Cash,Shipped,9,4,No
ORD-00840,2024-12-10,CUST-0027,Customer 27,Consumer,Asia Pacific,Singapore,Partner,Office Supplies,Ink Cartridge,3,883.46,0.1,2385.34,1327.74,1057.6,PayPal,Completed,12,11,No
ORD-01285,2024-12-11,CUST-0105,Customer 105,Corporate,Europe,Germany,Partner,Office Supplies,Printer,10,1506.86,0.02,14767.23,8300.37,6466.86,PayPal,Returned,5,3,No
ORD-01441,2024-12-11,CUST-0300,Customer 300,Corporate,Latin America,Brazil,Partner,Technology,Business Monitor,7,974.18,0.05,6478.3,3569.48,2908.82,Credit Card,Completed,2,5,Yes
ORD-00411,2024-12-11,CUST-0050,Customer 50,Small Business,Europe,Germany,Online,Furniture,Standing Desk,2,1327.51,0.0,2655.02,1990.03,664.99,Credit Card,Completed,12,9,No
ORD-01067,2024-12-12,CUST-0236,Customer 236,Consumer,North America,United States,Retail Store,Furniture,Conference Table,5,130.13,0.08,598.6,432.2,166.4,Cash,Completed,6,3,No
ORD-00326,2024-12-12,CUST-0257,Customer 257,Consumer,Middle East,Saudi Arabia,Online,Technology,Business Monitor,6,1704.04,0.02,10019.76,6158.61,3861.15,Cash,Returned,1,6,Yes
ORD-00999,2024-12-12,CUST-0116,Customer 116,Corporate,Latin America,Mexico,Retail Store,Office Supplies,Ink Cartridge,5,405.41,0.05,1925.7,1044.9,880.8,PayPal,Completed,14,7,No
ORD-01081,2024-12-13,CUST-0095,Customer 95,Consumer,Middle East,Saudi Arabia,Online,Office Supplies,Ink Cartridge,5,651.82,0.0,3259.1,2385.69,873.41,Credit Card,Completed,1,3,Yes
ORD-00865,2024-12-13,CUST-0140,Customer 140,Corporate,Europe,France,Partner,Technology,Wireless Router,8,1160.76,0.02,9100.36,6774.55,2325.81,Bank Transfer,Completed,6,4,No
ORD-00827,2024-12-14,CUST-0277,Customer 277,Corporate,Europe,United Kingdom,Retail Store,Office Supplies,Office Organizer,7,414.48,0.05,0.0,1647.34,0.0,Credit Card,Cancelled,4,7,Yes
ORD-00670,2024-12-14,CUST-0212,Customer 212,Consumer,Europe,United Kingdom,Online,Furniture,Storage Cabinet,10,624.75,0.05,5935.12,3543.4,2391.72,PayPal,Completed,2,9,Yes
ORD-00890,2024-12-16,CUST-0215,Customer 215,Consumer,North America,United States,Retail Store,Technology,Business Monitor,1,1596.27,0.1,1436.64,1075.33,361.31,Cash,Completed,14,6,No
ORD-01235,2024-12-16,CUST-0060,Customer 60,Corporate,Asia Pacific,Australia,Online,Office Supplies,Printer,2,330.85,0.05,628.62,359.63,268.99,Cash,Completed,5,10,Yes
ORD-00027,2024-12-17,CUST-0210,Customer 210,Small Business,North America,Canada,Online,Accessories,Webcam,10,1645.71,0.02,16127.96,13103.35,3024.61,Bank Transfer,Completed,12,4,No
ORD-01307,2024-12-17,CUST-0247,Customer 247,Consumer,Middle East,UAE,Online,Technology,Tablet X,3,865.43,0.02,2544.36,1358.13,1186.23,Cash,Completed,10,5,No
ORD-00693,2024-12-17,CUST-0075,Customer 75,Consumer,Europe,France,Online,Accessories,USB-C Hub,2,1607.61,0.05,3054.46,1642.87,1411.59,Bank Transfer,Completed,12,8,No
ORD-01030,2024-12-19,CUST-0023,Customer 23,Consumer,Middle East,Pakistan,Online,Office Supplies,Premium Paper,1,1654.12,0.1,1488.71,1159.94,328.77,Credit Card,Completed,5,8,Yes
ORD-00156,2024-12-19,CUST-0061,Customer 61,Consumer,North America,United States,Online,Office Supplies,Printer,7,649.63,0.1,0.0,2745.03,0.0,Bank Transfer,Cancelled,5,10,Yes
ORD-00557,2024-12-19,CUST-0162,Customer 162,Consumer,North America,Canada,Online,Accessories,USB-C Hub,8,368.36,0.05,0.0,1496.96,0.0,Bank Transfer,Cancelled,9,6,No
ORD-00556,2024-12-19,CUST-0171,Customer 171,Small Business,Europe,France,Partner,Furniture,Executive Chair,9,1487.4,0.15,11378.61,9282.57,2096.04,Credit Card,Completed,6,9,Yes
ORD-00549,2024-12-20,CUST-0259,Customer 259,Consumer,Asia Pacific,Singapore,Online,Accessories,USB-C Hub,3,743.92,0.0,2231.76,1472.49,759.27,PayPal,Completed,6,9,Yes
ORD-00094,2024-12-21,CUST-0294,Customer 294,Consumer,Asia Pacific,Australia,Retail Store,Office Supplies,Printer,8,1043.41,0.1,7512.55,4487.41,3025.14,Cash,Completed,12,8,No
ORD-00199,2024-12-21,CUST-0235,Customer 235,Consumer,Latin America,Mexico,Retail Store,Technology,Business Monitor,1,947.77,0.05,900.38,726.92,173.46,PayPal,Completed,6,7,Yes
ORD-01295,2024-12-21,CUST-0236,Customer 236,Consumer,Middle East,UAE,Retail Store,Technology,Laptop Pro 14,6,842.72,0.0,5056.32,3680.2,1376.12,PayPal,Completed,8,3,No
ORD-00200,2024-12-21,CUST-0272,Customer 272,Small Business,Middle East,UAE,Online,Furniture,Executive Chair,9,688.05,0.15,5263.58,3375.5,1888.08,Bank Transfer,Completed,2,6,Yes
ORD-01254,2024-12-21,CUST-0014,Customer 14,Consumer,North America,Canada,Online,Technology,Laptop Pro 14,7,1095.31,0.05,7283.81,5324.48,1959.33,Credit Card,Completed,9,8,No
ORD-01327,2024-12-22,CUST-0009,Customer 9,Consumer,North America,Canada,Online,Technology,Business Monitor,10,338.76,0.05,3218.22,2165.01,1053.21,Cash,Completed,1,7,Yes
ORD-00578,2024-12-23,CUST-0189,Customer 189,Consumer,Latin America,Brazil,Partner,Furniture,Storage Cabinet,9,293.35,0.02,2587.35,1357.39,1229.96,PayPal,Returned,4,3,No
ORD-00364,2024-12-23,CUST-0186,Customer 186,Consumer,Asia Pacific,Singapore,Online,Technology,Wireless Router,2,910.83,0.02,1785.23,1107.05,678.18,Cash,Completed,9,5,No
ORD-00034,2024-12-23,CUST-0079,Customer 79,Corporate,Latin America,Brazil,Online,Accessories,Webcam,3,1012.33,0.08,2794.03,1813.23,980.8,Credit Card,Completed,13,3,No
ORD-01082,2024-12-23,CUST-0004,Customer 4,Corporate,North America,Canada,Online,Technology,Laptop Pro 14,3,1344.29,0.05,3831.23,3110.88,720.35,PayPal,Completed,3,4,Yes
ORD-00281,2024-12-23,CUST-0040,Customer 40,Consumer,Latin America,Mexico,Partner,Accessories,USB-C Hub,10,257.63,0.15,2189.86,1332.18,857.68,Cash,Returned,9,8,No
ORD-00302,2024-12-24,CUST-0165,Customer 165,Consumer,Asia Pacific,Australia,Online,Technology,Wireless Router,3,444.23,0.15,1132.79,601.96,530.83,PayPal,Completed,12,11,No
ORD-00482,2024-12-24,CUST-0284,Customer 284,Consumer,Asia Pacific,Singapore,Retail Store,Technology,Tablet X,3,1509.63,0.1,4076.0,3111.4,964.6,Bank Transfer,Completed,9,5,No
ORD-00735,2024-12-25,CUST-0259,Customer 259,Corporate,Europe,Germany,Partner,Furniture,Conference Table,2,1336.21,0.08,2458.63,1935.25,523.38,Cash,Completed,5,10,Yes
ORD-00180,2024-12-25,CUST-0265,Customer 265,Corporate,North America,United States,Online,Technology,Tablet X,6,1050.84,0.1,5674.54,4226.73,1447.81,Bank Transfer,Shipped,13,9,No
ORD-00486,2024-12-26,CUST-0239,Customer 239,Corporate,Latin America,Brazil,Partner,Office Supplies,Ink Cartridge,1,952.95,0.15,810.01,609.49,200.52,PayPal,Completed,1,6,Yes
ORD-00069,2024-12-29,CUST-0045,Customer 45,Small Business,North America,Canada,Online,Office Supplies,Printer,4,1675.15,0.2,5360.48,4169.69,1190.79,PayPal,Completed,9,4,No
ORD-01418,2024-12-29,CUST-0240,Customer 240,Consumer,North America,Canada,Retail Store,Accessories,Mechanical Keyboard,8,593.79,0.2,3800.26,2602.35,1197.91,Cash,Completed,12,8,No
ORD-00395,2024-12-29,CUST-0181,Customer 181,Corporate,Europe,Germany,Online,Office Supplies,Ink Cartridge,9,545.4,0.08,4515.91,2509.83,2006.08,Credit Card,Completed,8,5,No
ORD-00419,2024-12-30,CUST-0004,Customer 4,Consumer,Asia Pacific,India,Online,Office Supplies,Premium Paper,7,1032.36,0.0,7226.52,4776.3,2450.22,PayPal,Completed,7,4,No
ORD-00816,2024-12-31,CUST-0093,Customer 93,Corporate,Asia Pacific,India,Partner,Technology,Wireless Router,3,1742.13,0.08,4808.28,3353.58,1454.7,Cash,Completed,12,10,No
ORD-00052,2024-12-31,CUST-0297,Customer 297,Corporate,Middle East,Pakistan,Partner,Office Supplies,Printer,1,1082.72,0.05,1028.58,536.14,492.44,PayPal,Completed,6,7,Yes
ORD-00317,2025-01-01,CUST-0182,Customer 182,Corporate,Europe,Germany,Online,Accessories,Webcam,3,62.61,0.0,187.83,110.82,77.01,Credit Card,Completed,4,4,Yes
ORD-00371,2025-01-03,CUST-0285,Customer 285,Consumer,North America,United States,Online,Technology,Wireless Router,3,1649.77,0.08,4553.37,2522.7,2030.67,Cash,Completed,10,6,No
ORD-00902,2025-01-03,CUST-0166,Customer 166,Small Business,North America,United States,Partner,Office Supplies,Premium Paper,8,983.73,0.02,7712.44,4422.95,3289.49,PayPal,Completed,9,10,Yes
ORD-01325,2025-01-05,CUST-0253,Customer 253,Small Business,Latin America,Mexico,Online,Accessories,Webcam,8,448.35,0.0,3586.8,2065.17,1521.63,PayPal,Completed,2,9,Yes
ORD-01209,2025-01-05,CUST-0285,Customer 285,Corporate,North America,United States,Partner,Accessories,Wireless Mouse,3,912.25,0.1,2463.08,1799.42,663.66,Bank Transfer,Completed,1,11,Yes
ORD-01187,2025-01-05,CUST-0058,Customer 58,Consumer,Asia Pacific,Australia,Online,Furniture,Standing Desk,6,101.62,0.02,597.53,362.38,235.15,PayPal,Completed,9,8,No
ORD-01147,2025-01-07,CUST-0080,Customer 80,Small Business,Middle East,Saudi Arabia,Online,Office Supplies,Printer,7,85.34,0.0,597.38,465.99,131.39,PayPal,Returned,6,7,Yes
ORD-00826,2025-01-08,CUST-0281,Customer 281,Consumer,Latin America,Brazil,Retail Store,Technology,Business Monitor,10,1412.99,0.02,13847.3,9228.84,4618.46,Bank Transfer,Completed,11,4,No
ORD-00108,2025-01-08,CUST-0239,Customer 239,Consumer,Middle East,Saudi Arabia,Partner,Accessories,Mechanical Keyboard,5,1160.09,0.1,5220.4,3548.03,1672.37,PayPal,Completed,8,4,No
ORD-00853,2025-01-09,CUST-0008,Customer 8,Corporate,North America,United States,Retail Store,Technology,Laptop Pro 14,8,395.91,0.15,2692.19,2069.11,623.08,PayPal,Completed,13,11,No
ORD-00264,2025-01-09,CUST-0017,Customer 17,Consumer,Asia Pacific,India,Online,Furniture,Executive Chair,7,884.45,0.1,5572.04,3068.94,2503.1,Bank Transfer,Completed,6,8,Yes
ORD-01391,2025-01-09,CUST-0106,Customer 106,Consumer,North America,United States,Online,Technology,Wireless Router,3,109.08,0.08,301.06,243.14,57.92,Bank Transfer,Completed,12,10,No
ORD-00519,2025-01-09,CUST-0097,Customer 97,Corporate,Latin America,Brazil,Online,Technology,Laptop Pro 14,1,1318.12,0.05,0.0,978.45,0.0,Bank Transfer,Cancelled,12,4,No
ORD-01404,2025-01-10,CUST-0200,Customer 200,Small Business,Middle East,Pakistan,Retail Store,Technology,Laptop Pro 14,4,671.22,0.15,2282.15,1475.19,806.96,Cash,Completed,11,5,No
ORD-00784,2025-01-11,CUST-0213,Customer 213,Corporate,Europe,France,Partner,Office Supplies,Printer,7,1167.56,0.08,0.0,5126.28,0.0,Bank Transfer,Cancelled,14,6,No
ORD-00858,2025-01-12,CUST-0143,Customer 143,Consumer,Europe,France,Online,Office Supplies,Premium Paper,9,863.94,0.0,7775.46,5509.29,2266.17,Credit Card,Completed,3,3,Yes
ORD-01080,2025-01-12,CUST-0228,Customer 228,Small Business,Latin America,Mexico,Online,Technology,Business Monitor,7,328.34,0.2,1838.7,1188.22,650.48,Bank Transfer,Completed,10,8,No
ORD-00536,2025-01-13,CUST-0231,Customer 231,Corporate,Latin America,Mexico,Online,Furniture,Storage Cabinet,4,312.77,0.0,1251.08,896.37,354.71,Credit Card,Shipped,6,5,No
ORD-00731,2025-01-13,CUST-0083,Customer 83,Corporate,North America,Canada,Online,Accessories,Webcam,2,1401.0,0.0,2802.0,1836.29,965.71,Bank Transfer,Completed,10,10,Yes
ORD-00214,2025-01-14,CUST-0067,Customer 67,Consumer,North America,Canada,Online,Technology,Wireless Router,3,433.68,0.1,1170.94,823.93,347.01,Credit Card,Completed,2,11,Yes
ORD-01018,2025-01-14,CUST-0013,Customer 13,Consumer,Asia Pacific,Singapore,Online,Technology,Wireless Router,5,1467.94,0.08,6752.52,3850.36,2902.16,PayPal,Completed,5,4,No
ORD-00134,2025-01-14,CUST-0107,Customer 107,Consumer,Europe,Germany,Online,Furniture,Standing Desk,4,914.2,0.1,3291.12,2154.65,1136.47,Credit Card,Completed,5,10,Yes
ORD-00733,2025-01-15,CUST-0234,Customer 234,Consumer,Asia Pacific,Australia,Online,Office Supplies,Ink Cartridge,8,906.04,0.08,6668.45,5259.11,1409.34,Credit Card,Completed,4,5,Yes
ORD-01381,2025-01-15,CUST-0084,Customer 84,Consumer,North America,Canada,Online,Technology,Business Monitor,5,55.77,0.05,264.91,158.87,106.04,Bank Transfer,Completed,10,10,Yes
ORD-00502,2025-01-15,CUST-0142,Customer 142,Small Business,Asia Pacific,India,Online,Technology,Laptop Pro 14,7,1262.24,0.05,8393.9,4525.8,3868.1,Bank Transfer,Completed,10,5,No
ORD-00471,2025-01-15,CUST-0093,Customer 93,Small Business,North America,Canada,Online,Accessories,Mechanical Keyboard,3,1797.21,0.15,4582.89,3499.54,1083.35,Credit Card,Completed,2,8,Yes
ORD-00360,2025-01-16,CUST-0160,Customer 160,Consumer,Asia Pacific,India,Online,Technology,Business Monitor,8,1331.37,0.05,10118.41,6697.66,3420.75,PayPal,Completed,8,5,No
ORD-00467,2025-01-16,CUST-0191,Customer 191,Corporate,Europe,United Kingdom,Online,Furniture,Standing Desk,10,990.76,0.05,9412.22,5808.03,3604.19,Bank Transfer,Completed,4,4,Yes
ORD-00114,2025-01-16,CUST-0036,Customer 36,Corporate,Middle East,Pakistan,Partner,Furniture,Standing Desk,9,1478.74,0.08,12243.97,9212.56,3031.41,Credit Card,Completed,6,9,Yes
ORD-00465,2025-01-17,CUST-0119,Customer 119,Corporate,Latin America,Mexico,Retail Store,Office Supplies,Printer,2,848.61,0.05,1612.36,911.06,701.3,Cash,Completed,12,11,No
ORD-01211,2025-01-17,CUST-0237,Customer 237,Corporate,Europe,Germany,Online,Technology,Business Monitor,10,1115.73,0.08,10264.72,5350.28,4914.44,PayPal,Completed,13,6,No
ORD-01184,2025-01-19,CUST-0019,Customer 19,Corporate,Latin America,Brazil,Online,Office Supplies,Premium Paper,10,964.75,0.0,9647.5,7392.45,2255.05,PayPal,Completed,4,8,Yes
ORD-00705,2025-01-19,CUST-0101,Customer 101,Consumer,North America,United States,Online,Office Supplies,Printer,5,425.28,0.1,1913.76,1053.19,860.57,Bank Transfer,Completed,2,5,Yes
ORD-00462,2025-01-19,CUST-0100,Customer 100,Corporate,Asia Pacific,Australia,Online,Accessories,Wireless Mouse,8,1151.67,0.08,8476.29,4886.62,3589.67,Bank Transfer,Returned,12,8,No
ORD-00965,2025-01-19,CUST-0284,Customer 284,Small Business,Europe,Germany,Partner,Furniture,Executive Chair,9,1466.44,0.05,12538.06,7538.09,4999.97,Cash,Completed,12,4,No
ORD-01035,2025-01-20,CUST-0296,Customer 296,Corporate,North America,Canada,Partner,Office Supplies,Premium Paper,5,88.7,0.05,421.32,331.59,89.73,PayPal,Completed,11,11,Yes
ORD-01400,2025-01-20,CUST-0290,Customer 290,Corporate,Asia Pacific,Australia,Partner,Technology,Business Monitor,5,1662.74,0.2,6650.96,4879.52,1771.44,Bank Transfer,Shipped,4,8,Yes
ORD-00631,2025-01-20,CUST-0064,Customer 64,Corporate,Middle East,UAE,Online,Office Supplies,Ink Cartridge,3,853.39,0.15,0.0,1773.0,0.0,Cash,Cancelled,11,8,No
ORD-00341,2025-01-21,CUST-0044,Customer 44,Corporate,Europe,United Kingdom,Online,Technology,Business Monitor,4,616.42,0.0,2465.68,1609.75,855.93,PayPal,Completed,4,4,Yes
ORD-00464,2025-01-21,CUST-0103,Customer 103,Consumer,Asia Pacific,Australia,Online,Office Supplies,Premium Paper,6,583.21,0.08,3219.32,2440.14,779.18,PayPal,Completed,6,4,No
ORD-00951,2025-01-23,CUST-0184,Customer 184,Consumer,Asia Pacific,India,Online,Office Supplies,Printer,3,1432.24,0.05,0.0,2362.22,0.0,PayPal,Cancelled,12,4,No
ORD-00127,2025-01-24,CUST-0050,Customer 50,Consumer,Middle East,Pakistan,Online,Accessories,Mechanical Keyboard,1,962.26,0.0,962.26,523.48,438.78,PayPal,Completed,6,6,Yes
ORD-00073,2025-01-25,CUST-0206,Customer 206,Consumer,North America,United States,Online,Furniture,Storage Cabinet,7,1677.88,0.08,10805.55,6502.07,4303.48,Credit Card,Completed,6,9,Yes
ORD-00655,2025-01-25,CUST-0034,Customer 34,Corporate,Europe,United Kingdom,Retail Store,Accessories,Wireless Mouse,3,1710.11,0.0,5130.33,2958.69,2171.64,PayPal,Completed,6,6,Yes
ORD-00985,2025-01-25,CUST-0050,Customer 50,Consumer,Middle East,Saudi Arabia,Retail Store,Accessories,Wireless Mouse,8,308.47,0.08,2270.34,1328.71,941.63,PayPal,Shipped,10,11,Yes
ORD-01482,2025-01-26,CUST-0135,Customer 135,Corporate,North America,Canada,Online,Accessories,Mechanical Keyboard,7,1422.61,0.08,9161.61,4861.75,4299.86,Cash,Completed,7,7,Yes
ORD-00382,2025-01-26,CUST-0057,Customer 57,Corporate,Asia Pacific,Singapore,Partner,Accessories,Webcam,5,462.48,0.02,2266.15,1392.24,873.91,Credit Card,Completed,10,10,Yes
ORD-00400,2025-01-26,CUST-0166,Customer 166,Consumer,Middle East,UAE,Online,Furniture,Standing Desk,5,1304.86,0.02,0.0,3957.22,0.0,Bank Transfer,Cancelled,9,5,No
ORD-01255,2025-01-26,CUST-0266,Customer 266,Corporate,Asia Pacific,Australia,Online,Technology,Laptop Pro 14,2,1238.44,0.05,2353.04,1366.51,986.53,Credit Card,Completed,2,4,Yes
ORD-01140,2025-01-27,CUST-0195,Customer 195,Consumer,Asia Pacific,Australia,Retail Store,Technology,Laptop Pro 14,3,923.16,0.1,2492.53,2013.22,479.31,Bank Transfer,Completed,11,8,No
ORD-00014,2025-01-27,CUST-0283,Customer 283,Small Business,North America,United States,Online,Office Supplies,Ink Cartridge,1,583.87,0.15,496.29,341.5,154.79,Cash,Completed,6,11,Yes
ORD-01137,2025-01-27,CUST-0092,Customer 92,Small Business,Latin America,Mexico,Online,Office Supplies,Premium Paper,4,1321.74,0.08,4864.0,3459.24,1404.76,PayPal,Completed,14,8,No
ORD-01224,2025-01-28,CUST-0297,Customer 297,Consumer,Latin America,Brazil,Online,Technology,Tablet X,5,460.73,0.02,2257.58,1397.26,860.32,Bank Transfer,Completed,3,4,Yes
ORD-00569,2025-01-28,CUST-0207,Customer 207,Consumer,Latin America,Brazil,Online,Office Supplies,Office Organizer,10,705.52,0.05,6702.44,3951.7,2750.74,PayPal,Completed,9,6,No
ORD-00995,2025-01-28,CUST-0230,Customer 230,Consumer,Europe,Germany,Retail Store,Accessories,Webcam,1,343.14,0.15,291.67,209.87,81.8,PayPal,Completed,10,11,Yes
ORD-00600,2025-01-29,CUST-0176,Customer 176,Consumer,North America,United States,Online,Furniture,Conference Table,4,1655.61,0.1,5960.2,4317.89,1642.31,Credit Card,Shipped,11,10,No
ORD-00006,2025-01-30,CUST-0154,Customer 154,Small Business,North America,United States,Retail Store,Office Supplies,Ink Cartridge,4,1067.74,0.1,3843.86,2564.56,1279.3,Bank Transfer,Completed,1,6,Yes
ORD-00030,2025-01-30,CUST-0274,Customer 274,Consumer,North America,Canada,Retail Store,Furniture,Executive Chair,5,1105.86,0.2,4423.44,3231.41,1192.03,Cash,Completed,10,3,No
ORD-00035,2025-01-30,CUST-0035,Customer 35,Consumer,Latin America,Brazil,Retail Store,Office Supplies,Ink Cartridge,3,1776.02,0.02,5221.5,2732.45,2489.05,Credit Card,Shipped,1,5,Yes
ORD-00975,2025-01-31,CUST-0246,Customer 246,Small Business,North America,United States,Online,Furniture,Conference Table,1,924.16,0.15,785.54,530.24,255.3,PayPal,Completed,6,3,No
ORD-00381,2025-02-01,CUST-0103,Customer 103,Corporate,North America,United States,Partner,Accessories,Mechanical Keyboard,4,612.55,0.08,2254.18,1575.09,679.09,Cash,Completed,11,7,No
ORD-00938,2025-02-02,CUST-0219,Customer 219,Small Business,Latin America,Brazil,Online,Office Supplies,Ink Cartridge,5,479.52,0.05,2277.72,1387.9,889.82,PayPal,Completed,4,3,No
ORD-00274,2025-02-03,CUST-0177,Customer 177,Consumer,Latin America,Mexico,Online,Accessories,USB-C Hub,4,757.23,0.2,2423.14,1354.1,1069.04,PayPal,Completed,11,6,No
ORD-00624,2025-02-03,CUST-0178,Customer 178,Consumer,Europe,Germany,Online,Technology,Tablet X,4,1722.37,0.02,6751.69,5061.4,1690.29,Bank Transfer,Completed,13,4,No
ORD-01339,2025-02-03,CUST-0214,Customer 214,Small Business,North America,Canada,Retail Store,Office Supplies,Printer,3,1041.73,0.05,2968.93,2369.06,599.87,PayPal,Completed,4,11,Yes
ORD-00097,2025-02-03,CUST-0012,Customer 12,Consumer,Asia Pacific,Singapore,Retail Store,Accessories,USB-C Hub,8,1087.78,0.15,7396.9,4558.19,2838.71,PayPal,Completed,11,4,No
ORD-00029,2025-02-03,CUST-0133,Customer 133,Corporate,Asia Pacific,Australia,Online,Accessories,Webcam,1,1368.35,0.02,1340.98,865.25,475.73,Bank Transfer,Completed,10,3,No
ORD-00063,2025-02-04,CUST-0145,Customer 145,Corporate,Middle East,Saudi Arabia,Online,Office Supplies,Office Organizer,8,1612.09,0.05,12251.88,7900.27,4351.61,Cash,Completed,13,11,No
ORD-01451,2025-02-04,CUST-0008,Customer 8,Corporate,Europe,France,Online,Technology,Laptop Pro 14,6,462.68,0.02,2720.56,1455.97,1264.59,PayPal,Completed,2,7,Yes
ORD-00397,2025-02-04,CUST-0092,Customer 92,Corporate,Latin America,Brazil,Online,Furniture,Storage Cabinet,9,956.13,0.08,7916.76,4301.19,3615.57,Bank Transfer,Shipped,10,10,Yes
ORD-00315,2025-02-05,CUST-0012,Customer 12,Consumer,Middle East,Saudi Arabia,Online,Technology,Laptop Pro 14,8,1472.08,0.02,11541.11,7503.28,4037.83,Credit Card,Shipped,11,8,No
ORD-00905,2025-02-05,CUST-0292,Customer 292,Corporate,Europe,Germany,Online,Office Supplies,Printer,8,1121.18,0.1,8072.5,5363.42,2709.08,Bank Transfer,Completed,13,5,No
ORD-00977,2025-02-06,CUST-0066,Customer 66,Consumer,Asia Pacific,India,Online,Technology,Business Monitor,1,1752.16,0.0,1752.16,1127.05,625.11,Bank Transfer,Completed,3,9,Yes
ORD-00426,2025-02-06,CUST-0141,Customer 141,Corporate,Asia Pacific,Australia,Partner,Furniture,Executive Chair,1,502.94,0.05,0.0,383.79,0.0,Credit Card,Cancelled,7,7,Yes
ORD-00897,2025-02-06,CUST-0261,Customer 261,Consumer,Europe,Germany,Online,Technology,Business Monitor,2,632.98,0.0,1265.96,890.47,375.49,PayPal,Completed,12,6,No
ORD-00723,2025-02-06,CUST-0251,Customer 251,Corporate,North America,United States,Online,Office Supplies,Office Organizer,9,640.6,0.1,5188.86,3380.69,1808.17,Bank Transfer,Returned,14,7,No
ORD-00627,2025-02-07,CUST-0082,Customer 82,Consumer,Europe,France,Online,Furniture,Standing Desk,2,1334.07,0.0,2668.14,1400.67,1267.47,Cash,Completed,2,6,Yes
ORD-00262,2025-02-07,CUST-0145,Customer 145,Corporate,Latin America,Brazil,Partner,Technology,Wireless Router,4,1201.62,0.05,4566.16,3419.4,1146.76,Bank Transfer,Completed,3,6,Yes
ORD-00738,2025-02-08,CUST-0280,Customer 280,Corporate,Middle East,UAE,Online,Office Supplies,Office Organizer,3,1629.51,0.0,4888.53,2924.91,1963.62,Bank Transfer,Completed,4,10,Yes
ORD-00752,2025-02-09,CUST-0114,Customer 114,Small Business,Latin America,Mexico,Online,Furniture,Conference Table,8,1085.8,0.1,7817.76,4906.65,2911.11,PayPal,Completed,2,6,Yes
ORD-01389,2025-02-11,CUST-0170,Customer 170,Small Business,Latin America,Mexico,Online,Accessories,Mechanical Keyboard,10,1698.22,0.02,16642.56,12233.37,4409.19,Credit Card,Completed,13,8,No
ORD-00997,2025-02-12,CUST-0142,Customer 142,Corporate,Latin America,Mexico,Online,Accessories,Wireless Mouse,7,947.22,0.02,6497.93,5098.25,1399.68,PayPal,Completed,11,4,No
ORD-01210,2025-02-12,CUST-0203,Customer 203,Consumer,Latin America,Brazil,Retail Store,Office Supplies,Premium Paper,10,91.59,0.08,842.63,495.6,347.03,Credit Card,Completed,7,8,Yes
ORD-01124,2025-02-12,CUST-0079,Customer 79,Consumer,Middle East,Pakistan,Online,Technology,Business Monitor,9,736.57,0.02,6496.55,4092.42,2404.13,Cash,Completed,11,11,Yes
ORD-01384,2025-02-14,CUST-0014,Customer 14,Corporate,North America,United States,Partner,Furniture,Conference Table,9,1576.52,0.15,12060.38,6403.71,5656.67,Bank Transfer,Completed,12,11,No
ORD-00935,2025-02-15,CUST-0243,Customer 243,Consumer,North America,Canada,Online,Furniture,Conference Table,6,976.79,0.0,5860.74,4096.65,1764.09,PayPal,Completed,1,11,Yes
ORD-00645,2025-02-15,CUST-0058,Customer 58,Consumer,North America,Canada,Online,Furniture,Storage Cabinet,10,733.04,0.2,5864.32,4112.19,1752.13,PayPal,Completed,8,7,No
ORD-00224,2025-02-16,CUST-0213,Customer 213,Consumer,Europe,France,Online,Office Supplies,Ink Cartridge,5,1688.04,0.0,8440.2,6269.54,2170.66,Cash,Completed,11,4,No
ORD-00422,2025-02-17,CUST-0290,Customer 290,Corporate,Middle East,Pakistan,Online,Furniture,Executive Chair,4,1580.64,0.05,6006.43,4008.21,1998.22,Cash,Returned,9,4,No
ORD-01208,2025-02-17,CUST-0015,Customer 15,Consumer,Europe,France,Online,Accessories,USB-C Hub,3,1192.48,0.15,3040.82,2022.75,1018.07,Bank Transfer,Completed,9,10,Yes
ORD-00225,2025-02-18,CUST-0256,Customer 256,Corporate,North America,Canada,Online,Accessories,Wireless Mouse,1,702.52,0.05,0.0,479.07,0.0,Credit Card,Cancelled,3,3,Yes
ORD-01378,2025-02-18,CUST-0297,Customer 297,Corporate,Asia Pacific,India,Retail Store,Furniture,Standing Desk,6,106.46,0.1,574.88,357.34,217.54,Cash,Completed,6,10,Yes
ORD-01150,2025-02-18,CUST-0268,Customer 268,Consumer,Latin America,Brazil,Online,Furniture,Conference Table,9,1334.18,0.08,11047.01,7563.68,3483.33,Credit Card,Completed,10,8,No
ORD-00172,2025-02-19,CUST-0009,Customer 9,Consumer,North America,Canada,Online,Technology,Wireless Router,1,736.11,0.2,588.89,376.19,212.7,PayPal,Completed,14,4,No
ORD-00517,2025-02-19,CUST-0067,Customer 67,Consumer,Europe,France,Retail Store,Accessories,USB-C Hub,2,1797.56,0.0,3595.12,2884.06,711.06,Bank Transfer,Shipped,11,5,No
ORD-00979,2025-02-20,CUST-0200,Customer 200,Consumer,Europe,France,Partner,Furniture,Executive Chair,7,1048.04,0.08,6749.38,4577.8,2171.58,Credit Card,Completed,7,9,Yes
ORD-00048,2025-02-20,CUST-0085,Customer 85,Consumer,Asia Pacific,India,Online,Technology,Business Monitor,9,1120.85,0.08,9280.64,5100.0,4180.64,Credit Card,Shipped,3,8,Yes
ORD-01349,2025-02-20,CUST-0188,Customer 188,Consumer,Latin America,Brazil,Retail Store,Accessories,Mechanical Keyboard,9,494.6,0.08,4095.29,3231.84,863.45,PayPal,Completed,11,9,No
ORD-00058,2025-02-21,CUST-0158,Customer 158,Small Business,North America,Canada,Online,Office Supplies,Office Organizer,4,337.39,0.08,1241.6,674.49,567.11,Bank Transfer,Completed,12,6,No
ORD-01175,2025-02-21,CUST-0191,Customer 191,Consumer,Asia Pacific,Australia,Online,Office Supplies,Ink Cartridge,9,1773.89,0.2,12772.01,8627.42,4144.59,Cash,Completed,11,8,No
ORD-00373,2025-02-21,CUST-0220,Customer 220,Corporate,North America,Canada,Online,Office Supplies,Ink Cartridge,2,829.72,0.15,1410.52,777.69,632.83,PayPal,Completed,3,6,Yes
ORD-01225,2025-02-21,CUST-0225,Customer 225,Consumer,Europe,United Kingdom,Online,Technology,Business Monitor,3,331.77,0.08,915.69,602.98,312.71,Cash,Returned,6,11,Yes
ORD-01356,2025-02-21,CUST-0033,Customer 33,Corporate,Latin America,Brazil,Online,Technology,Wireless Router,10,939.72,0.1,8457.48,4516.22,3941.26,Bank Transfer,Returned,12,4,No
ORD-01066,2025-02-22,CUST-0206,Customer 206,Consumer,Middle East,Saudi Arabia,Retail Store,Office Supplies,Printer,7,1691.6,0.02,11604.38,7018.19,4586.19,Credit Card,Completed,13,3,No
ORD-00636,2025-02-22,CUST-0291,Customer 291,Small Business,Europe,United Kingdom,Partner,Office Supplies,Ink Cartridge,1,996.1,0.05,946.3,583.3,363.0,Credit Card,Shipped,14,5,No
ORD-01261,2025-02-23,CUST-0205,Customer 205,Small Business,North America,Canada,Online,Office Supplies,Printer,1,60.54,0.05,57.51,47.07,10.44,Credit Card,Completed,4,3,No
ORD-00211,2025-02-23,CUST-0066,Customer 66,Small Business,Asia Pacific,India,Online,Technology,Wireless Router,10,278.98,0.05,2650.31,1607.87,1042.44,Credit Card,Completed,2,8,Yes
ORD-01365,2025-02-23,CUST-0143,Customer 143,Corporate,Middle East,UAE,Retail Store,Technology,Tablet X,9,519.62,0.02,4583.05,3706.24,876.81,PayPal,Completed,8,8,Yes
ORD-01027,2025-02-23,CUST-0176,Customer 176,Consumer,Latin America,Mexico,Retail Store,Furniture,Conference Table,1,693.36,0.05,658.69,396.17,262.52,Credit Card,Completed,4,6,Yes
ORD-01362,2025-02-23,CUST-0047,Customer 47,Small Business,North America,Canada,Online,Office Supplies,Ink Cartridge,6,1399.5,0.08,7725.24,4566.22,3159.02,Bank Transfer,Completed,6,9,Yes
ORD-00347,2025-02-23,CUST-0123,Customer 123,Consumer,Asia Pacific,Singapore,Online,Technology,Wireless Router,1,1075.06,0.02,1053.56,571.04,482.52,Cash,Completed,14,11,No
ORD-00308,2025-02-24,CUST-0113,Customer 113,Consumer,Europe,Germany,Online,Technology,Tablet X,7,236.11,0.02,1619.71,1109.5,510.21,PayPal,Shipped,10,10,Yes
ORD-00350,2025-02-25,CUST-0068,Customer 68,Consumer,Asia Pacific,Australia,Online,Office Supplies,Ink Cartridge,6,1622.53,0.08,8956.37,6765.93,2190.44,PayPal,Returned,5,3,No
ORD-01057,2025-02-26,CUST-0024,Customer 24,Consumer,Middle East,UAE,Online,Furniture,Conference Table,7,216.87,0.08,0.0,1068.77,0.0,PayPal,Cancelled,8,4,No
ORD-00838,2025-02-26,CUST-0045,Customer 45,Corporate,Europe,Germany,Online,Furniture,Standing Desk,5,489.94,0.08,2253.72,1619.45,634.27,PayPal,Completed,13,7,No
ORD-00457,2025-02-26,CUST-0242,Customer 242,Consumer,North America,Canada,Online,Technology,Wireless Router,4,1386.61,0.0,5546.44,4524.18,1022.26,Credit Card,Completed,12,7,No
ORD-00138,2025-02-27,CUST-0249,Customer 249,Corporate,Asia Pacific,India,Partner,Furniture,Storage Cabinet,7,183.08,0.05,1217.48,956.67,260.81,Cash,Completed,12,3,No
ORD-00869,2025-02-28,CUST-0296,Customer 296,Corporate,Latin America,Mexico,Retail Store,Furniture,Standing Desk,4,1242.3,0.05,4720.74,2719.0,2001.74,PayPal,Completed,10,6,No
ORD-01099,2025-02-28,CUST-0221,Customer 221,Corporate,Middle East,UAE,Retail Store,Furniture,Storage Cabinet,7,141.67,0.05,0.0,581.24,0.0,Bank Transfer,Cancelled,12,11,No
ORD-00579,2025-03-01,CUST-0194,Customer 194,Corporate,Europe,Germany,Retail Store,Accessories,Wireless Mouse,3,368.46,0.0,1105.38,845.68,259.7,Cash,Shipped,1,5,Yes
ORD-00599,2025-03-02,CUST-0100,Customer 100,Consumer,North America,United States,Online,Accessories,Mechanical Keyboard,5,400.33,0.08,0.0,1140.07,0.0,PayPal,Cancelled,8,10,Yes
ORD-00263,2025-03-02,CUST-0027,Customer 27,Consumer,North America,Canada,Online,Furniture,Standing Desk,9,604.92,0.1,4899.85,3441.61,1458.24,Credit Card,Completed,2,8,Yes
ORD-00146,2025-03-02,CUST-0165,Customer 165,Consumer,North America,United States,Online,Technology,Tablet X,6,516.06,0.08,2848.65,1823.32,1025.33,Credit Card,Completed,5,4,No
ORD-01065,2025-03-03,CUST-0289,Customer 289,Consumer,Europe,France,Retail Store,Furniture,Conference Table,3,1357.37,0.1,3664.9,2219.42,1445.48,Cash,Completed,11,10,No
ORD-00691,2025-03-03,CUST-0286,Customer 286,Small Business,Europe,France,Online,Accessories,USB-C Hub,1,635.59,0.0,0.0,479.06,0.0,Credit Card,Cancelled,7,10,Yes
ORD-01092,2025-03-03,CUST-0173,Customer 173,Small Business,Asia Pacific,India,Online,Accessories,Webcam,1,1297.87,0.0,1297.87,840.8,457.07,PayPal,Completed,6,8,Yes
ORD-00799,2025-03-03,CUST-0056,Customer 56,Consumer,Asia Pacific,Singapore,Online,Office Supplies,Premium Paper,5,317.25,0.08,1459.35,781.48,677.87,PayPal,Shipped,10,6,No
ORD-00451,2025-03-04,CUST-0274,Customer 274,Corporate,Middle East,Saudi Arabia,Retail Store,Technology,Wireless Router,10,1698.16,0.05,16132.52,12212.68,3919.84,Cash,Completed,7,8,Yes
ORD-01468,2025-03-05,CUST-0153,Customer 153,Consumer,Europe,Germany,Partner,Furniture,Conference Table,3,285.74,0.15,728.64,446.31,282.33,Bank Transfer,Completed,7,3,No
ORD-00269,2025-03-05,CUST-0130,Customer 130,Consumer,Europe,France,Online,Technology,Tablet X,8,937.74,0.15,6376.63,3650.96,2725.67,Cash,Completed,12,8,No
ORD-00924,2025-03-06,CUST-0278,Customer 278,Corporate,Middle East,UAE,Online,Furniture,Executive Chair,6,767.01,0.08,4233.9,3057.76,1176.14,Cash,Completed,8,7,No
ORD-01348,2025-03-08,CUST-0287,Customer 287,Corporate,Europe,France,Online,Office Supplies,Office Organizer,3,1738.28,0.05,4954.1,3741.21,1212.89,Credit Card,Completed,11,7,No
ORD-00292,2025-03-08,CUST-0063,Customer 63,Small Business,North America,Canada,Retail Store,Technology,Wireless Router,7,1542.22,0.0,10795.54,8401.7,2393.84,Bank Transfer,Completed,1,6,Yes
ORD-01251,2025-03-08,CUST-0147,Customer 147,Corporate,Middle East,UAE,Retail Store,Office Supplies,Printer,10,1484.29,0.0,14842.9,7817.82,7025.08,Bank Transfer,Completed,4,5,Yes
ORD-00208,2025-03-08,CUST-0257,Customer 257,Small Business,Asia Pacific,Singapore,Partner,Furniture,Executive Chair,2,618.85,0.05,1175.82,629.67,546.15,Credit Card,Completed,7,5,No
ORD-00561,2025-03-09,CUST-0248,Customer 248,Consumer,Asia Pacific,Australia,Online,Technology,Laptop Pro 14,3,558.05,0.02,1640.67,1323.15,317.52,Bank Transfer,Completed,10,9,No
ORD-01053,2025-03-09,CUST-0194,Customer 194,Consumer,Latin America,Mexico,Online,Office Supplies,Premium Paper,2,1799.13,0.08,3310.4,2237.29,1073.11,Bank Transfer,Completed,1,5,Yes
ORD-00481,2025-03-09,CUST-0109,Customer 109,Corporate,Asia Pacific,India,Online,Accessories,Webcam,10,1426.03,0.08,0.0,7654.85,0.0,Cash,Cancelled,11,9,No
ORD-00133,2025-03-09,CUST-0121,Customer 121,Consumer,North America,United States,Retail Store,Technology,Wireless Router,2,1055.58,0.05,2005.6,1566.26,439.34,PayPal,Shipped,9,7,No
ORD-01446,2025-03-11,CUST-0187,Customer 187,Consumer,North America,Canada,Online,Accessories,Mechanical Keyboard,8,1010.77,0.15,6873.24,4979.39,1893.85,Cash,Completed,4,3,No
ORD-00229,2025-03-11,CUST-0199,Customer 199,Small Business,Latin America,Brazil,Partner,Office Supplies,Premium Paper,1,1299.03,0.15,1104.18,838.26,265.92,Credit Card,Completed,7,6,No
ORD-00611,2025-03-13,CUST-0294,Customer 294,Small Business,North America,Canada,Online,Technology,Tablet X,6,1135.92,0.02,6679.21,3897.04,2782.17,Credit Card,Completed,3,7,Yes
ORD-00862,2025-03-13,CUST-0034,Customer 34,Small Business,Europe,France,Online,Office Supplies,Premium Paper,5,1246.44,0.08,0.0,3382.35,0.0,PayPal,Cancelled,6,7,Yes
ORD-01058,2025-03-14,CUST-0029,Customer 29,Corporate,Europe,United Kingdom,Online,Furniture,Standing Desk,5,436.45,0.2,1745.8,1187.35,558.45,PayPal,Completed,5,11,Yes
ORD-00300,2025-03-14,CUST-0017,Customer 17,Consumer,North America,Canada,Partner,Office Supplies,Office Organizer,5,518.46,0.0,2592.3,1864.67,727.63,Cash,Returned,5,11,Yes
ORD-00608,2025-03-15,CUST-0286,Customer 286,Consumer,Europe,France,Partner,Furniture,Conference Table,10,1119.03,0.15,9511.75,5573.17,3938.58,PayPal,Completed,7,10,Yes
ORD-00136,2025-03-15,CUST-0028,Customer 28,Small Business,Europe,United Kingdom,Partner,Furniture,Storage Cabinet,7,540.96,0.0,3786.72,3059.48,727.24,Credit Card,Completed,14,4,No
ORD-00026,2025-03-15,CUST-0007,Customer 7,Consumer,Middle East,Pakistan,Retail Store,Technology,Wireless Router,4,679.37,0.02,2663.13,1436.8,1226.33,Credit Card,Returned,11,8,No
ORD-00991,2025-03-16,CUST-0104,Customer 104,Small Business,Middle East,UAE,Online,Accessories,Webcam,1,43.87,0.1,39.48,29.76,9.72,Cash,Completed,11,5,No
ORD-01212,2025-03-16,CUST-0296,Customer 296,Consumer,Europe,Germany,Online,Office Supplies,Ink Cartridge,8,1299.05,0.05,9872.78,6149.56,3723.22,Credit Card,Returned,12,4,No
ORD-00279,2025-03-17,CUST-0161,Customer 161,Small Business,Asia Pacific,India,Retail Store,Office Supplies,Premium Paper,6,910.57,0.08,5026.35,3629.11,1397.24,Credit Card,Completed,8,11,Yes
ORD-00484,2025-03-18,CUST-0225,Customer 225,Small Business,Asia Pacific,Singapore,Retail Store,Technology,Laptop Pro 14,5,1542.92,0.1,6943.14,3913.07,3030.07,PayPal,Completed,2,5,Yes
ORD-01174,2025-03-18,CUST-0178,Customer 178,Consumer,North America,Canada,Online,Accessories,USB-C Hub,8,1371.37,0.08,10093.28,8219.95,1873.33,Bank Transfer,Completed,4,5,Yes
ORD-01323,2025-03-18,CUST-0094,Customer 94,Small Business,Latin America,Mexico,Online,Technology,Wireless Router,1,1381.08,0.15,1173.92,789.4,384.52,Cash,Completed,11,3,No
ORD-01358,2025-03-19,CUST-0172,Customer 172,Corporate,Europe,Germany,Retail Store,Office Supplies,Premium Paper,4,1553.8,0.05,5904.44,4535.99,1368.45,Cash,Completed,12,10,No
ORD-00238,2025-03-20,CUST-0066,Customer 66,Consumer,North America,United States,Online,Accessories,USB-C Hub,2,988.15,0.0,1976.3,1186.28,790.02,Bank Transfer,Completed,8,9,Yes
ORD-00959,2025-03-20,CUST-0244,Customer 244,Consumer,North America,Canada,Online,Furniture,Executive Chair,3,1792.09,0.1,4838.64,3122.17,1716.47,Credit Card,Completed,14,7,No
ORD-01102,2025-03-20,CUST-0253,Customer 253,Consumer,Latin America,Brazil,Online,Accessories,Wireless Mouse,4,891.63,0.08,0.0,1767.7,0.0,Bank Transfer,Cancelled,14,5,No
ORD-00748,2025-03-21,CUST-0041,Customer 41,Consumer,Asia Pacific,India,Online,Furniture,Storage Cabinet,4,722.75,0.05,2746.45,2203.18,543.27,Cash,Completed,14,9,No
ORD-00603,2025-03-21,CUST-0003,Customer 3,Consumer,North America,Canada,Online,Furniture,Storage Cabinet,4,1588.64,0.1,5719.1,3616.19,2102.91,Credit Card,Completed,3,3,Yes
ORD-01139,2025-03-21,CUST-0205,Customer 205,Consumer,Europe,France,Partner,Technology,Wireless Router,2,622.14,0.05,1182.07,678.88,503.19,Cash,Completed,8,6,No
ORD-01270,2025-03-21,CUST-0286,Customer 286,Consumer,Europe,United Kingdom,Online,Technology,Laptop Pro 14,4,1137.99,0.02,4460.92,2469.93,1990.99,PayPal,Shipped,11,6,No
ORD-00463,2025-03-22,CUST-0061,Customer 61,Corporate,Middle East,UAE,Online,Office Supplies,Printer,7,1757.66,0.15,10458.08,7008.47,3449.61,Credit Card,Shipped,6,6,Yes
ORD-01387,2025-03-22,CUST-0057,Customer 57,Small Business,Middle East,Saudi Arabia,Online,Office Supplies,Ink Cartridge,4,1235.39,0.0,0.0,3052.11,0.0,PayPal,Cancelled,8,10,Yes
ORD-01351,2025-03-22,CUST-0283,Customer 283,Consumer,Latin America,Brazil,Partner,Accessories,Webcam,2,998.0,0.05,1896.2,1119.18,777.02,PayPal,Shipped,11,11,Yes
ORD-01213,2025-03-22,CUST-0287,Customer 287,Consumer,North America,United States,Partner,Furniture,Executive Chair,5,770.56,0.0,3852.8,3123.3,729.5,Cash,Completed,11,9,No
ORD-00605,2025-03-23,CUST-0288,Customer 288,Corporate,North America,Canada,Online,Accessories,Mechanical Keyboard,6,222.01,0.08,1225.5,669.73,555.77,PayPal,Completed,7,3,No
ORD-00950,2025-03-23,CUST-0165,Customer 165,Consumer,Asia Pacific,Singapore,Online,Technology,Tablet X,9,906.89,0.15,6937.71,5550.01,1387.7,Bank Transfer,Returned,3,6,Yes
ORD-01097,2025-03-23,CUST-0005,Customer 5,Small Business,North America,Canada,Partner,Accessories,USB-C Hub,8,1757.78,0.02,13781.0,10995.37,2785.63,PayPal,Returned,8,11,Yes
ORD-00226,2025-03-24,CUST-0216,Customer 216,Corporate,North America,Canada,Retail Store,Technology,Tablet X,3,1052.36,0.02,3093.94,1986.49,1107.45,Credit Card,Completed,11,9,No
ORD-00207,2025-03-24,CUST-0202,Customer 202,Small Business,North America,Canada,Online,Technology,Wireless Router,1,864.28,0.2,691.42,489.3,202.12,PayPal,Completed,4,5,Yes
ORD-01452,2025-03-24,CUST-0236,Customer 236,Consumer,Asia Pacific,India,Retail Store,Furniture,Conference Table,2,765.83,0.05,1455.08,971.98,483.1,Credit Card,Completed,10,7,No
ORD-01113,2025-03-24,CUST-0231,Customer 231,Consumer,North America,Canada,Online,Furniture,Standing Desk,9,552.83,0.05,4726.7,2466.57,2260.13,PayPal,Shipped,11,5,No
ORD-00104,2025-03-24,CUST-0039,Customer 39,Small Business,Europe,United Kingdom,Online,Technology,Tablet X,10,1171.26,0.05,11126.97,7347.82,3779.15,Credit Card,Completed,12,5,No
ORD-01013,2025-03-24,CUST-0260,Customer 260,Corporate,Latin America,Mexico,Retail Store,Office Supplies,Ink Cartridge,7,1453.86,0.1,9159.32,5616.99,3542.33,Cash,Completed,1,8,Yes
ORD-00970,2025-03-25,CUST-0041,Customer 41,Consumer,Europe,Germany,Partner,Technology,Business Monitor,4,238.68,0.05,906.98,594.0,312.98,Credit Card,Returned,8,8,Yes
ORD-00343,2025-03-25,CUST-0024,Customer 24,Corporate,North America,Canada,Online,Technology,Laptop Pro 14,5,1642.55,0.02,8048.5,5833.1,2215.4,PayPal,Shipped,4,11,Yes
ORD-01260,2025-03-26,CUST-0171,Customer 171,Consumer,Asia Pacific,Singapore,Online,Office Supplies,Printer,3,104.63,0.05,298.2,213.55,84.65,Cash,Completed,13,7,No
ORD-00676,2025-03-27,CUST-0051,Customer 51,Consumer,Latin America,Mexico,Online,Accessories,Mechanical Keyboard,10,239.17,0.0,2391.7,1592.7,799.0,Bank Transfer,Completed,4,9,Yes
ORD-00626,2025-03-28,CUST-0003,Customer 3,Consumer,Europe,France,Retail Store,Accessories,USB-C Hub,10,946.91,0.08,8711.57,6638.34,2073.23,PayPal,Completed,6,11,Yes
ORD-01021,2025-03-29,CUST-0023,Customer 23,Consumer,Asia Pacific,Singapore,Partner,Furniture,Storage Cabinet,5,211.93,0.02,1038.46,573.31,465.15,PayPal,Completed,14,6,No
ORD-01304,2025-03-30,CUST-0292,Customer 292,Consumer,Asia Pacific,Singapore,Partner,Accessories,Wireless Mouse,2,1141.03,0.08,2099.5,1278.99,820.51,Cash,Completed,3,8,Yes
ORD-01069,2025-03-30,CUST-0160,Customer 160,Consumer,Europe,United Kingdom,Partner,Technology,Business Monitor,6,1202.26,0.05,6852.88,5117.08,1735.8,PayPal,Shipped,6,3,No
ORD-00294,2025-03-30,CUST-0249,Customer 249,Corporate,Europe,Germany,Retail Store,Accessories,Webcam,4,513.25,0.1,0.0,1267.56,0.0,Credit Card,Cancelled,5,3,No
ORD-01052,2025-03-31,CUST-0261,Customer 261,Corporate,Asia Pacific,Singapore,Online,Furniture,Executive Chair,3,820.46,0.0,2461.38,1605.22,856.16,Cash,Completed,6,6,Yes
ORD-00706,2025-03-31,CUST-0119,Customer 119,Consumer,Latin America,Mexico,Retail Store,Furniture,Standing Desk,10,519.07,0.2,4152.56,3158.34,994.22,PayPal,Completed,3,9,Yes
ORD-00930,2025-03-31,CUST-0179,Customer 179,Consumer,North America,United States,Online,Furniture,Standing Desk,10,1023.19,0.0,10231.9,7828.69,2403.21,Credit Card,Completed,4,11,Yes
ORD-00839,2025-04-01,CUST-0141,Customer 141,Small Business,Asia Pacific,Singapore,Online,Office Supplies,Office Organizer,5,434.65,0.0,0.0,1488.96,0.0,Cash,Cancelled,5,4,No
ORD-00592,2025-04-01,CUST-0285,Customer 285,Corporate,Asia Pacific,Singapore,Retail Store,Office Supplies,Premium Paper,4,1669.02,0.0,6676.08,3907.51,2768.57,Credit Card,Returned,1,4,Yes
ORD-01118,2025-04-01,CUST-0059,Customer 59,Consumer,Latin America,Mexico,Online,Technology,Business Monitor,7,866.51,0.05,5762.29,3125.95,2636.34,Cash,Completed,5,10,Yes
ORD-00883,2025-04-01,CUST-0077,Customer 77,Corporate,North America,United States,Retail Store,Accessories,Mechanical Keyboard,6,1785.3,0.05,10176.21,7961.59,2214.62,Credit Card,Returned,9,6,No
ORD-00190,2025-04-02,CUST-0160,Customer 160,Small Business,North America,Canada,Online,Accessories,Wireless Mouse,5,925.23,0.0,4626.15,3697.07,929.08,Bank Transfer,Completed,2,7,Yes
ORD-01415,2025-04-02,CUST-0287,Customer 287,Corporate,Asia Pacific,Australia,Partner,Office Supplies,Ink Cartridge,7,288.62,0.08,0.0,1097.24,0.0,PayPal,Cancelled,6,4,No
ORD-00358,2025-04-02,CUST-0140,Customer 140,Consumer,Asia Pacific,India,Partner,Furniture,Standing Desk,1,1672.8,0.1,1505.52,833.15,672.37,Credit Card,Returned,3,4,Yes
ORD-00290,2025-04-02,CUST-0195,Customer 195,Consumer,Asia Pacific,Australia,Online,Office Supplies,Ink Cartridge,1,1729.42,0.08,1591.07,991.47,599.6,Cash,Completed,14,7,No
ORD-00413,2025-04-04,CUST-0020,Customer 20,Consumer,Latin America,Mexico,Retail Store,Technology,Laptop Pro 14,9,1482.82,0.0,13345.38,8110.44,5234.94,Cash,Completed,11,8,No
ORD-00131,2025-04-04,CUST-0077,Customer 77,Consumer,Europe,France,Retail Store,Accessories,USB-C Hub,2,636.12,0.05,0.0,964.96,0.0,PayPal,Cancelled,14,9,No
ORD-00089,2025-04-05,CUST-0070,Customer 70,Corporate,Latin America,Brazil,Partner,Office Supplies,Premium Paper,6,55.55,0.15,283.3,163.99,119.31,Cash,Completed,12,3,No
ORD-01411,2025-04-05,CUST-0145,Customer 145,Consumer,North America,Canada,Retail Store,Office Supplies,Office Organizer,10,225.84,0.15,1919.64,1549.28,370.36,PayPal,Completed,12,8,No
ORD-01383,2025-04-05,CUST-0171,Customer 171,Consumer,Latin America,Brazil,Online,Accessories,Mechanical Keyboard,5,919.96,0.1,4139.82,2583.48,1556.34,Bank Transfer,Completed,14,5,No
ORD-00794,2025-04-05,CUST-0200,Customer 200,Consumer,Asia Pacific,India,Retail Store,Office Supplies,Office Organizer,4,1281.5,0.05,4869.7,3001.57,1868.13,Cash,Completed,1,3,Yes
ORD-01000,2025-04-06,CUST-0084,Customer 84,Corporate,Europe,Germany,Retail Store,Technology,Business Monitor,7,1092.41,0.15,0.0,5248.65,0.0,PayPal,Cancelled,4,6,Yes
ORD-00819,2025-04-06,CUST-0026,Customer 26,Consumer,North America,United States,Online,Furniture,Executive Chair,7,1529.16,0.08,9847.79,7525.63,2322.16,Credit Card,Shipped,11,10,No
ORD-00537,2025-04-07,CUST-0043,Customer 43,Consumer,Middle East,UAE,Online,Office Supplies,Office Organizer,3,1219.27,0.08,3365.19,2638.42,726.77,PayPal,Completed,13,9,No
ORD-00978,2025-04-07,CUST-0138,Customer 138,Corporate,North America,Canada,Online,Technology,Business Monitor,2,133.37,0.02,261.41,204.7,56.71,PayPal,Completed,4,7,Yes
ORD-01049,2025-04-08,CUST-0037,Customer 37,Consumer,Latin America,Brazil,Partner,Technology,Business Monitor,8,1118.87,0.08,8234.88,6603.09,1631.79,Bank Transfer,Completed,6,5,No
ORD-01301,2025-04-08,CUST-0204,Customer 204,Consumer,North America,United States,Online,Furniture,Storage Cabinet,8,149.43,0.02,1171.53,867.24,304.29,Bank Transfer,Completed,11,5,No
ORD-00708,2025-04-09,CUST-0181,Customer 181,Small Business,Middle East,UAE,Partner,Office Supplies,Office Organizer,6,290.07,0.05,1653.4,1235.05,418.35,Bank Transfer,Returned,4,8,Yes
ORD-00740,2025-04-09,CUST-0129,Customer 129,Consumer,Europe,Germany,Online,Office Supplies,Premium Paper,5,1769.44,0.08,8139.42,6453.0,1686.42,PayPal,Completed,5,4,No
ORD-00545,2025-04-09,CUST-0214,Customer 214,Corporate,Asia Pacific,Singapore,Retail Store,Technology,Laptop Pro 14,4,948.32,0.02,3717.41,2341.97,1375.44,Bank Transfer,Completed,3,6,Yes
ORD-00852,2025-04-09,CUST-0031,Customer 31,Consumer,Middle East,Pakistan,Partner,Furniture,Conference Table,4,1484.12,0.1,5342.83,4078.91,1263.92,PayPal,Completed,6,11,Yes
ORD-00638,2025-04-09,CUST-0021,Customer 21,Consumer,North America,United States,Partner,Technology,Wireless Router,6,168.91,0.2,810.77,459.96,350.81,Credit Card,Completed,12,8,No
ORD-00716,2025-04-10,CUST-0157,Customer 157,Corporate,Latin America,Brazil,Online,Furniture,Storage Cabinet,10,935.53,0.2,7484.24,5870.94,1613.3,Bank Transfer,Returned,2,5,Yes
ORD-01489,2025-04-10,CUST-0095,Customer 95,Small Business,Europe,United Kingdom,Online,Office Supplies,Office Organizer,8,1566.5,0.15,10652.2,6729.01,3923.19,Bank Transfer,Completed,1,7,Yes
ORD-00518,2025-04-11,CUST-0193,Customer 193,Consumer,Middle East,Pakistan,Online,Office Supplies,Premium Paper,2,450.49,0.1,810.88,583.05,227.83,Credit Card,Completed,8,11,Yes
ORD-00059,2025-04-12,CUST-0069,Customer 69,Corporate,North America,Canada,Online,Office Supplies,Premium Paper,1,1213.32,0.05,1152.65,655.61,497.04,Cash,Completed,13,6,No
ORD-01484,2025-04-12,CUST-0013,Customer 13,Consumer,North America,Canada,Retail Store,Accessories,USB-C Hub,3,212.15,0.1,572.81,447.82,124.99,Cash,Completed,2,10,Yes
ORD-00313,2025-04-12,CUST-0139,Customer 139,Corporate,North America,Canada,Online,Office Supplies,Office Organizer,7,35.09,0.0,245.63,172.98,72.65,Credit Card,Returned,13,11,No
ORD-00258,2025-04-13,CUST-0084,Customer 84,Corporate,Asia Pacific,Singapore,Online,Technology,Business Monitor,6,954.24,0.02,5610.93,3379.19,2231.74,PayPal,Completed,13,6,No
ORD-01372,2025-04-13,CUST-0010,Customer 10,Small Business,North America,United States,Retail Store,Technology,Tablet X,5,317.53,0.0,1587.65,985.65,602.0,Cash,Completed,4,4,Yes
ORD-00346,2025-04-15,CUST-0148,Customer 148,Consumer,Asia Pacific,India,Online,Office Supplies,Premium Paper,6,199.2,0.08,1099.58,596.61,502.97,Cash,Completed,13,4,No
ORD-00998,2025-04-15,CUST-0043,Customer 43,Corporate,North America,Canada,Online,Technology,Wireless Router,5,499.84,0.1,2249.28,1420.09,829.19,Credit Card,Completed,2,11,Yes
ORD-00675,2025-04-15,CUST-0248,Customer 248,Corporate,Europe,Germany,Retail Store,Accessories,Mechanical Keyboard,2,1719.6,0.02,3370.42,2623.33,747.09,Credit Card,Completed,13,4,No
ORD-01291,2025-04-15,CUST-0157,Customer 157,Consumer,Europe,France,Online,Office Supplies,Office Organizer,1,256.71,0.05,243.87,130.56,113.31,Cash,Completed,8,4,No
ORD-00312,2025-04-16,CUST-0090,Customer 90,Consumer,North America,Canada,Partner,Technology,Wireless Router,9,1320.75,0.05,11292.41,8253.12,3039.29,Credit Card,Completed,9,11,Yes
ORD-00778,2025-04-16,CUST-0144,Customer 144,Corporate,Middle East,UAE,Retail Store,Furniture,Storage Cabinet,1,475.01,0.05,451.26,273.25,178.01,Credit Card,Completed,12,7,No
ORD-01164,2025-04-16,CUST-0258,Customer 258,Consumer,Middle East,Pakistan,Online,Office Supplies,Office Organizer,3,1028.19,0.08,0.0,2015.78,0.0,Credit Card,Cancelled,6,11,Yes
ORD-00178,2025-04-17,CUST-0154,Customer 154,Consumer,Europe,United Kingdom,Online,Office Supplies,Premium Paper,3,106.99,0.08,295.29,211.16,84.13,Cash,Shipped,14,6,No
ORD-00668,2025-04-17,CUST-0285,Customer 285,Consumer,North America,United States,Partner,Technology,Laptop Pro 14,1,649.16,0.15,551.79,443.5,108.29,Cash,Completed,11,11,Yes
ORD-01056,2025-04-17,CUST-0027,Customer 27,Small Business,Europe,France,Online,Office Supplies,Ink Cartridge,10,1487.99,0.02,14582.3,9560.6,5021.7,Bank Transfer,Returned,7,10,Yes
ORD-00157,2025-04-18,CUST-0260,Customer 260,Small Business,Asia Pacific,Singapore,Online,Technology,Wireless Router,3,1288.52,0.1,3479.0,2162.56,1316.44,Cash,Completed,5,5,Yes
ORD-00340,2025-04-18,CUST-0081,Customer 81,Small Business,North America,Canada,Retail Store,Office Supplies,Office Organizer,1,76.41,0.2,61.13,43.43,17.7,Cash,Completed,3,3,Yes
ORD-00622,2025-04-19,CUST-0170,Customer 170,Consumer,North America,United States,Retail Store,Furniture,Conference Table,8,909.24,0.15,0.0,4431.1,0.0,Credit Card,Cancelled,9,7,No
ORD-00866,2025-04-20,CUST-0190,Customer 190,Small Business,Asia Pacific,India,Online,Office Supplies,Office Organizer,7,51.49,0.02,353.22,254.29,98.93,Credit Card,Shipped,9,8,No
ORD-00597,2025-04-21,CUST-0106,Customer 106,Small Business,Asia Pacific,India,Online,Technology,Laptop Pro 14,6,1252.67,0.15,6388.62,4625.77,1762.85,Bank Transfer,Completed,5,7,Yes
ORD-00037,2025-04-21,CUST-0063,Customer 63,Consumer,Europe,United Kingdom,Online,Technology,Business Monitor,4,1406.31,0.1,5062.72,3548.93,1513.79,PayPal,Completed,9,10,Yes
ORD-00080,2025-04-22,CUST-0196,Customer 196,Consumer,North America,Canada,Retail Store,Technology,Business Monitor,2,633.69,0.1,1140.64,877.91,262.73,Bank Transfer,Completed,9,3,No
ORD-00576,2025-04-22,CUST-0044,Customer 44,Corporate,Latin America,Mexico,Online,Accessories,Webcam,2,826.68,0.02,1620.29,1268.78,351.51,Bank Transfer,Returned,6,3,No
ORD-01413,2025-04-22,CUST-0208,Customer 208,Corporate,North America,United States,Retail Store,Furniture,Executive Chair,8,209.13,0.08,1539.2,987.17,552.03,Cash,Completed,5,10,Yes
ORD-00590,2025-04-23,CUST-0098,Customer 98,Small Business,North America,Canada,Online,Technology,Laptop Pro 14,10,1470.27,0.15,12497.3,7608.12,4889.18,Bank Transfer,Completed,5,9,Yes
ORD-00435,2025-04-23,CUST-0081,Customer 81,Corporate,North America,United States,Online,Accessories,Webcam,8,655.14,0.08,4821.83,3548.38,1273.45,Credit Card,Completed,11,5,No
ORD-00884,2025-04-23,CUST-0035,Customer 35,Consumer,North America,United States,Online,Office Supplies,Office Organizer,5,383.42,0.15,1629.54,951.66,677.88,Credit Card,Completed,1,10,Yes
ORD-00728,2025-04-24,CUST-0081,Customer 81,Small Business,Middle East,Pakistan,Retail Store,Accessories,Wireless Mouse,2,336.72,0.1,606.1,400.77,205.33,PayPal,Completed,2,3,Yes
ORD-00169,2025-04-25,CUST-0187,Customer 187,Consumer,North America,Canada,Online,Accessories,Wireless Mouse,5,488.31,0.1,0.0,1441.47,0.0,Credit Card,Cancelled,7,4,No
ORD-00721,2025-04-25,CUST-0049,Customer 49,Consumer,Latin America,Mexico,Online,Technology,Wireless Router,5,697.76,0.05,3314.36,1754.75,1559.61,Cash,Completed,11,4,No
ORD-01399,2025-04-25,CUST-0285,Customer 285,Small Business,Asia Pacific,Australia,Retail Store,Office Supplies,Office Organizer,10,191.44,0.02,1876.11,1314.01,562.1,Cash,Completed,7,6,No
ORD-00976,2025-04-25,CUST-0087,Customer 87,Consumer,North America,United States,Online,Furniture,Conference Table,8,1175.1,0.05,8930.76,5246.98,3683.78,PayPal,Completed,10,5,No
ORD-00293,2025-04-25,CUST-0013,Customer 13,Consumer,Middle East,Saudi Arabia,Online,Office Supplies,Premium Paper,3,338.92,0.02,996.42,743.29,253.13,PayPal,Completed,5,5,Yes
ORD-00393,2025-04-26,CUST-0143,Customer 143,Corporate,Europe,Germany,Online,Technology,Wireless Router,1,529.44,0.05,502.97,316.35,186.62,Cash,Completed,3,8,Yes
ORD-01459,2025-04-26,CUST-0166,Customer 166,Small Business,North America,Canada,Online,Accessories,USB-C Hub,9,1259.9,0.15,9638.24,7507.3,2130.94,Cash,Completed,6,5,No
ORD-00988,2025-04-26,CUST-0037,Customer 37,Consumer,Europe,United Kingdom,Retail Store,Technology,Wireless Router,10,1682.23,0.1,15140.07,10235.1,4904.97,Cash,Completed,12,6,No
ORD-01303,2025-04-26,CUST-0258,Customer 258,Corporate,North America,United States,Retail Store,Accessories,USB-C Hub,2,789.43,0.08,1452.55,938.0,514.55,Cash,Completed,4,7,Yes
ORD-00194,2025-04-26,CUST-0066,Customer 66,Consumer,Asia Pacific,India,Online,Technology,Tablet X,9,88.83,0.15,679.55,529.39,150.16,Bank Transfer,Returned,6,4,No
ORD-01406,2025-04-26,CUST-0168,Customer 168,Consumer,Europe,France,Online,Office Supplies,Office Organizer,8,757.8,0.02,0.0,4464.57,0.0,Cash,Cancelled,4,9,Yes
ORD-00581,2025-04-27,CUST-0260,Customer 260,Consumer,Europe,Germany,Online,Technology,Wireless Router,9,487.29,0.15,3727.77,2105.82,1621.95,Credit Card,Completed,13,8,No
ORD-00527,2025-04-27,CUST-0052,Customer 52,Consumer,Europe,Germany,Online,Accessories,Wireless Mouse,10,553.92,0.08,5096.06,3457.26,1638.8,Bank Transfer,Shipped,7,5,No
ORD-01009,2025-04-27,CUST-0247,Customer 247,Corporate,North America,United States,Retail Store,Technology,Tablet X,6,1687.3,0.08,9313.9,6208.35,3105.55,PayPal,Completed,10,6,No
ORD-00158,2025-04-29,CUST-0162,Customer 162,Consumer,Middle East,Saudi Arabia,Online,Technology,Laptop Pro 14,10,677.28,0.2,5418.24,4047.99,1370.25,Credit Card,Completed,2,6,Yes
ORD-00737,2025-04-29,CUST-0298,Customer 298,Small Business,Europe,Germany,Online,Furniture,Standing Desk,5,469.67,0.02,2301.38,1220.87,1080.51,PayPal,Completed,6,3,No
ORD-01357,2025-04-30,CUST-0244,Customer 244,Consumer,Latin America,Brazil,Online,Technology,Tablet X,3,618.51,0.02,1818.42,1181.44,636.98,Cash,Completed,10,10,Yes
ORD-00770,2025-05-01,CUST-0105,Customer 105,Consumer,Middle East,Pakistan,Partner,Furniture,Standing Desk,10,699.32,0.0,6993.2,4361.09,2632.11,Credit Card,Completed,4,5,Yes
ORD-01374,2025-05-01,CUST-0289,Customer 289,Consumer,Europe,Germany,Online,Furniture,Executive Chair,1,1772.05,0.02,1736.61,1205.6,531.01,Bank Transfer,Completed,9,7,No
ORD-01006,2025-05-02,CUST-0136,Customer 136,Corporate,Asia Pacific,Singapore,Online,Accessories,USB-C Hub,4,781.38,0.05,0.0,2216.67,0.0,Cash,Cancelled,5,3,No
ORD-00318,2025-05-02,CUST-0195,Customer 195,Small Business,North America,United States,Partner,Accessories,Webcam,1,1683.26,0.2,1346.61,1080.49,266.12,Bank Transfer,Completed,3,6,Yes
ORD-01449,2025-05-03,CUST-0256,Customer 256,Small Business,Latin America,Mexico,Online,Technology,Laptop Pro 14,3,85.53,0.1,230.93,151.08,79.85,PayPal,Completed,9,10,Yes
ORD-00677,2025-05-04,CUST-0191,Customer 191,Consumer,North America,Canada,Online,Technology,Laptop Pro 14,1,1705.16,0.0,1705.16,955.46,749.7,Cash,Completed,7,3,No
ORD-00250,2025-05-05,CUST-0244,Customer 244,Consumer,Latin America,Brazil,Retail Store,Technology,Business Monitor,7,728.56,0.2,4079.94,2522.48,1557.46,Credit Card,Completed,12,11,No
ORD-01333,2025-05-05,CUST-0020,Customer 20,Consumer,North America,Canada,Online,Office Supplies,Office Organizer,9,330.1,0.2,2376.72,1835.07,541.65,Bank Transfer,Completed,2,3,Yes
ORD-00119,2025-05-06,CUST-0105,Customer 105,Consumer,Latin America,Mexico,Retail Store,Furniture,Executive Chair,10,876.14,0.0,8761.4,4655.24,4106.16,Cash,Completed,7,7,Yes
ORD-01037,2025-05-07,CUST-0248,Customer 248,Small Business,Europe,Germany,Online,Office Supplies,Ink Cartridge,7,1637.95,0.05,10892.37,8826.02,2066.35,Credit Card,Shipped,1,8,Yes
ORD-00822,2025-05-07,CUST-0068,Customer 68,Consumer,North America,United States,Online,Technology,Laptop Pro 14,10,442.61,0.1,3983.49,2251.62,1731.87,Bank Transfer,Completed,4,7,Yes
ORD-01258,2025-05-08,CUST-0293,Customer 293,Consumer,Europe,France,Online,Furniture,Executive Chair,7,1136.26,0.1,7158.44,5039.81,2118.63,Bank Transfer,Completed,10,11,Yes
ORD-00299,2025-05-08,CUST-0031,Customer 31,Small Business,Asia Pacific,India,Retail Store,Furniture,Executive Chair,9,169.32,0.02,1493.4,1219.2,274.2,Credit Card,Completed,6,4,No
ORD-00368,2025-05-08,CUST-0140,Customer 140,Corporate,Latin America,Mexico,Partner,Office Supplies,Office Organizer,10,1268.09,0.02,12427.28,9652.03,2775.25,Credit Card,Completed,10,10,Yes
ORD-01036,2025-05-09,CUST-0139,Customer 139,Corporate,Asia Pacific,Australia,Retail Store,Technology,Wireless Router,1,614.18,0.0,614.18,421.22,192.96,PayPal,Completed,2,6,Yes
ORD-00710,2025-05-09,CUST-0190,Customer 190,Corporate,Asia Pacific,Singapore,Online,Furniture,Storage Cabinet,7,1700.79,0.1,10714.98,6267.7,4447.28,Bank Transfer,Completed,1,7,Yes
ORD-00895,2025-05-09,CUST-0296,Customer 296,Consumer,Asia Pacific,Australia,Online,Technology,Wireless Router,4,353.45,0.02,1385.52,869.76,515.76,Bank Transfer,Completed,11,3,No
ORD-01098,2025-05-10,CUST-0063,Customer 63,Small Business,North America,United States,Online,Technology,Wireless Router,8,1724.09,0.2,11034.18,8435.66,2598.52,Bank Transfer,Completed,6,8,Yes
ORD-00791,2025-05-11,CUST-0018,Customer 18,Consumer,North America,United States,Partner,Accessories,Webcam,10,1349.23,0.08,12412.92,7745.33,4667.59,Cash,Completed,6,4,No
ORD-01060,2025-05-12,CUST-0146,Customer 146,Consumer,Asia Pacific,Singapore,Online,Technology,Business Monitor,5,570.7,0.1,0.0,1842.35,0.0,Cash,Cancelled,11,9,No
ORD-00802,2025-05-12,CUST-0231,Customer 231,Consumer,North America,United States,Online,Technology,Business Monitor,8,1708.31,0.08,12573.16,7648.31,4924.85,Cash,Completed,13,9,No
ORD-00659,2025-05-12,CUST-0209,Customer 209,Small Business,Asia Pacific,Singapore,Online,Accessories,Mechanical Keyboard,7,1525.91,0.1,9613.23,5902.73,3710.5,Credit Card,Completed,5,3,No
ORD-00428,2025-05-13,CUST-0260,Customer 260,Corporate,Latin America,Brazil,Online,Office Supplies,Printer,8,1529.13,0.0,12233.04,7625.47,4607.57,Bank Transfer,Returned,10,9,No
ORD-00100,2025-05-13,CUST-0111,Customer 111,Consumer,North America,Canada,Online,Accessories,Wireless Mouse,2,793.25,0.1,1427.85,810.22,617.63,Cash,Completed,4,10,Yes
ORD-00412,2025-05-13,CUST-0186,Customer 186,Corporate,Latin America,Brazil,Online,Furniture,Standing Desk,2,1113.32,0.02,2182.11,1634.85,547.26,Cash,Completed,4,10,Yes
ORD-00212,2025-05-13,CUST-0294,Customer 294,Consumer,Asia Pacific,Singapore,Online,Technology,Business Monitor,6,739.31,0.0,4435.86,3141.62,1294.24,Bank Transfer,Returned,12,4,No
ORD-01495,2025-05-14,CUST-0004,Customer 4,Consumer,Asia Pacific,Australia,Retail Store,Accessories,USB-C Hub,2,1105.15,0.08,2033.48,1348.09,685.39,Bank Transfer,Completed,4,10,Yes
ORD-00542,2025-05-14,CUST-0126,Customer 126,Corporate,Asia Pacific,India,Retail Store,Technology,Business Monitor,4,1090.79,0.0,4363.16,2415.72,1947.44,Bank Transfer,Shipped,3,10,Yes
ORD-00051,2025-05-14,CUST-0029,Customer 29,Consumer,Latin America,Mexico,Online,Accessories,Webcam,4,1084.0,0.1,3902.4,3048.82,853.58,Credit Card,Shipped,2,8,Yes
ORD-01076,2025-05-15,CUST-0190,Customer 190,Consumer,Europe,Germany,Partner,Accessories,USB-C Hub,5,939.44,0.02,0.0,3007.38,0.0,PayPal,Cancelled,9,8,No
ORD-01343,2025-05-15,CUST-0198,Customer 198,Corporate,Latin America,Brazil,Retail Store,Technology,Business Monitor,9,591.07,0.08,0.0,3521.39,0.0,Cash,Cancelled,2,5,Yes
ORD-00688,2025-05-16,CUST-0017,Customer 17,Small Business,North America,Canada,Online,Office Supplies,Printer,5,1254.09,0.15,5329.88,3855.93,1473.95,Bank Transfer,Completed,10,3,No
ORD-01096,2025-05-17,CUST-0023,Customer 23,Corporate,North America,Canada,Retail Store,Accessories,Webcam,6,152.6,0.0,0.0,614.35,0.0,PayPal,Cancelled,9,3,No
ORD-00016,2025-05-18,CUST-0262,Customer 262,Consumer,North America,United States,Online,Office Supplies,Ink Cartridge,6,515.9,0.15,2631.09,1900.71,730.38,PayPal,Completed,13,5,No
ORD-01162,2025-05-19,CUST-0115,Customer 115,Small Business,North America,United States,Online,Technology,Tablet X,6,1612.29,0.15,8222.68,5601.29,2621.39,Credit Card,Completed,14,3,No
ORD-00391,2025-05-20,CUST-0233,Customer 233,Corporate,Latin America,Brazil,Retail Store,Accessories,Wireless Mouse,10,113.99,0.08,1048.71,662.18,386.53,PayPal,Completed,1,7,Yes
ORD-01090,2025-05-22,CUST-0300,Customer 300,Small Business,North America,Canada,Retail Store,Technology,Business Monitor,4,903.01,0.08,3323.08,1788.58,1534.5,PayPal,Returned,7,7,Yes
ORD-00081,2025-05-22,CUST-0291,Customer 291,Consumer,Latin America,Mexico,Partner,Accessories,Mechanical Keyboard,3,604.54,0.05,1722.94,1333.39,389.55,Credit Card,Shipped,10,10,Yes
ORD-00494,2025-05-23,CUST-0289,Customer 289,Consumer,North America,Canada,Online,Technology,Tablet X,3,1431.74,0.08,3951.6,2388.61,1562.99,Credit Card,Completed,11,5,No
ORD-00314,2025-05-24,CUST-0135,Customer 135,Corporate,Latin America,Mexico,Retail Store,Technology,Laptop Pro 14,7,1718.67,0.1,10827.62,7287.84,3539.78,Bank Transfer,Completed,11,11,Yes
ORD-00369,2025-05-24,CUST-0128,Customer 128,Small Business,North America,United States,Online,Furniture,Executive Chair,8,1277.45,0.08,9402.03,7504.51,1897.52,Bank Transfer,Completed,2,10,Yes
ORD-00660,2025-05-25,CUST-0134,Customer 134,Consumer,Asia Pacific,India,Retail Store,Technology,Business Monitor,9,773.45,0.1,6264.95,3538.63,2726.32,PayPal,Completed,12,7,No
ORD-00005,2025-05-25,CUST-0087,Customer 87,Consumer,North America,Canada,Online,Furniture,Storage Cabinet,1,413.24,0.1,371.92,288.94,82.98,PayPal,Completed,4,6,Yes
ORD-00195,2025-05-25,CUST-0021,Customer 21,Consumer,Europe,United Kingdom,Online,Furniture,Standing Desk,7,267.65,0.08,1723.67,1063.35,660.32,PayPal,Shipped,11,5,No
ORD-00125,2025-05-26,CUST-0249,Customer 249,Small Business,North America,United States,Retail Store,Technology,Business Monitor,9,1679.88,0.0,15118.92,9299.4,5819.52,Cash,Completed,6,3,No
ORD-01042,2025-05-27,CUST-0123,Customer 123,Corporate,Middle East,Pakistan,Online,Technology,Business Monitor,6,251.25,0.15,1281.38,815.3,466.08,Bank Transfer,Completed,1,10,Yes
ORD-01045,2025-05-28,CUST-0196,Customer 196,Consumer,Latin America,Brazil,Online,Furniture,Storage Cabinet,6,800.9,0.08,4420.97,2970.62,1450.35,Bank Transfer,Completed,2,8,Yes
ORD-00278,2025-05-28,CUST-0108,Customer 108,Corporate,Asia Pacific,Singapore,Online,Technology,Laptop Pro 14,4,272.9,0.1,982.44,551.55,430.89,Cash,Completed,11,9,No
ORD-01324,2025-05-28,CUST-0266,Customer 266,Consumer,North America,United States,Online,Office Supplies,Office Organizer,4,390.58,0.15,1327.97,828.07,499.9,Bank Transfer,Completed,1,7,Yes
ORD-01322,2025-05-29,CUST-0103,Customer 103,Small Business,North America,Canada,Partner,Accessories,Wireless Mouse,9,1301.27,0.05,11125.86,9109.82,2016.04,PayPal,Completed,12,11,No
ORD-01122,2025-05-29,CUST-0237,Customer 237,Consumer,Latin America,Mexico,Retail Store,Technology,Wireless Router,5,1619.1,0.0,8095.5,5892.49,2203.01,Credit Card,Completed,8,4,No
ORD-01423,2025-05-30,CUST-0283,Customer 283,Consumer,North America,United States,Retail Store,Technology,Tablet X,9,668.76,0.05,5717.9,4220.8,1497.1,Credit Card,Completed,12,3,No
ORD-00842,2025-05-30,CUST-0209,Customer 209,Corporate,Asia Pacific,Singapore,Online,Office Supplies,Ink Cartridge,8,414.63,0.05,3151.19,1706.98,1444.21,Bank Transfer,Completed,8,11,Yes
ORD-01119,2025-05-30,CUST-0266,Customer 266,Small Business,North America,United States,Online,Technology,Laptop Pro 14,5,1480.07,0.1,6660.32,3683.71,2976.61,PayPal,Completed,3,8,Yes
ORD-00612,2025-05-30,CUST-0143,Customer 143,Corporate,Middle East,Pakistan,Online,Technology,Laptop Pro 14,1,44.94,0.0,44.94,28.67,16.27,Bank Transfer,Completed,14,10,No
ORD-00013,2025-05-30,CUST-0252,Customer 252,Small Business,Middle East,Pakistan,Online,Technology,Laptop Pro 14,5,1267.18,0.2,5068.72,3088.69,1980.03,Cash,Completed,8,8,Yes
ORD-00099,2025-05-30,CUST-0001,Customer 1,Small Business,North America,United States,Online,Office Supplies,Office Organizer,10,175.57,0.0,1755.7,1240.89,514.81,PayPal,Completed,2,3,Yes
ORD-01068,2025-05-31,CUST-0042,Customer 42,Consumer,North America,Canada,Partner,Accessories,Wireless Mouse,5,56.5,0.02,276.85,145.49,131.36,Cash,Completed,12,7,No
ORD-01276,2025-06-02,CUST-0143,Customer 143,Corporate,North America,Canada,Online,Technology,Tablet X,2,1603.54,0.05,3046.73,1824.52,1222.21,Cash,Completed,10,10,Yes
ORD-00646,2025-06-02,CUST-0212,Customer 212,Consumer,Latin America,Brazil,Partner,Office Supplies,Printer,8,603.93,0.1,4348.3,2332.26,2016.04,Credit Card,Shipped,5,3,No
ORD-00074,2025-06-03,CUST-0082,Customer 82,Consumer,Middle East,Pakistan,Online,Office Supplies,Ink Cartridge,6,468.75,0.05,2671.88,1829.56,842.32,Bank Transfer,Shipped,8,10,Yes
ORD-00506,2025-06-04,CUST-0188,Customer 188,Consumer,North America,United States,Online,Accessories,Webcam,5,55.95,0.05,265.76,163.15,102.61,Credit Card,Completed,3,6,Yes
ORD-01132,2025-06-05,CUST-0090,Customer 90,Corporate,Europe,United Kingdom,Online,Technology,Wireless Router,6,91.67,0.15,0.0,380.64,0.0,Credit Card,Cancelled,12,10,No
ORD-00593,2025-06-05,CUST-0256,Customer 256,Small Business,North America,United States,Partner,Office Supplies,Ink Cartridge,3,1639.85,0.08,0.0,2539.12,0.0,Bank Transfer,Cancelled,4,9,Yes
ORD-01206,2025-06-05,CUST-0240,Customer 240,Consumer,Middle East,Pakistan,Partner,Accessories,Wireless Mouse,6,1073.59,0.0,6441.54,3877.01,2564.53,PayPal,Completed,10,6,No
ORD-01166,2025-06-06,CUST-0245,Customer 245,Consumer,Middle East,Pakistan,Online,Office Supplies,Printer,5,1662.25,0.1,7480.12,4849.42,2630.7,PayPal,Completed,10,3,No
ORD-00870,2025-06-07,CUST-0152,Customer 152,Small Business,Latin America,Mexico,Retail Store,Technology,Business Monitor,9,503.38,0.02,4439.81,3500.4,939.41,Credit Card,Completed,2,7,Yes
ORD-01442,2025-06-07,CUST-0109,Customer 109,Consumer,North America,United States,Retail Store,Office Supplies,Printer,6,878.45,0.08,4849.04,2809.02,2040.02,Credit Card,Completed,7,10,Yes
ORD-01278,2025-06-07,CUST-0285,Customer 285,Corporate,Latin America,Brazil,Retail Store,Furniture,Conference Table,10,529.58,0.0,5295.8,2756.79,2539.01,PayPal,Completed,1,5,Yes
ORD-00025,2025-06-08,CUST-0281,Customer 281,Small Business,Europe,France,Online,Accessories,Wireless Mouse,8,1700.03,0.05,12920.23,7189.92,5730.31,Credit Card,Completed,13,11,No
ORD-00198,2025-06-08,CUST-0246,Customer 246,Corporate,Latin America,Brazil,Retail Store,Technology,Laptop Pro 14,2,781.36,0.02,0.0,864.87,0.0,Bank Transfer,Cancelled,8,9,Yes
ORD-00868,2025-06-08,CUST-0194,Customer 194,Consumer,North America,Canada,Online,Furniture,Storage Cabinet,5,1538.58,0.02,7539.04,5023.9,2515.14,Bank Transfer,Shipped,10,7,No
ORD-00847,2025-06-08,CUST-0140,Customer 140,Small Business,North America,United States,Partner,Office Supplies,Premium Paper,6,851.01,0.05,4850.76,2645.62,2205.14,PayPal,Returned,7,11,Yes
ORD-01386,2025-06-08,CUST-0251,Customer 251,Corporate,Europe,France,Retail Store,Office Supplies,Office Organizer,10,1237.89,0.08,11388.59,8473.47,2915.12,Credit Card,Completed,2,3,Yes
ORD-01156,2025-06-08,CUST-0166,Customer 166,Consumer,Middle East,Saudi Arabia,Partner,Technology,Business Monitor,4,44.42,0.2,142.14,86.92,55.22,Credit Card,Completed,11,3,No
ORD-01297,2025-06-09,CUST-0229,Customer 229,Consumer,North America,United States,Online,Furniture,Executive Chair,1,281.96,0.0,0.0,183.35,0.0,Bank Transfer,Cancelled,7,10,Yes
ORD-01433,2025-06-09,CUST-0221,Customer 221,Consumer,Europe,France,Online,Office Supplies,Ink Cartridge,7,450.99,0.0,3156.93,2519.8,637.13,Credit Card,Shipped,5,9,Yes
ORD-00538,2025-06-10,CUST-0209,Customer 209,Small Business,North America,United States,Online,Accessories,Webcam,1,1365.7,0.02,1338.39,781.87,556.52,Cash,Completed,1,9,Yes
ORD-01240,2025-06-10,CUST-0058,Customer 58,Corporate,North America,Canada,Retail Store,Technology,Business Monitor,5,201.34,0.0,1006.7,699.19,307.51,Credit Card,Completed,12,9,No
ORD-00515,2025-06-11,CUST-0003,Customer 3,Small Business,North America,United States,Retail Store,Furniture,Conference Table,10,1004.24,0.0,10042.4,6007.79,4034.61,Bank Transfer,Completed,6,9,Yes
ORD-01200,2025-06-12,CUST-0116,Customer 116,Consumer,North America,Canada,Online,Technology,Wireless Router,8,1769.9,0.1,12743.28,10260.44,2482.84,Credit Card,Completed,7,3,No
ORD-01480,2025-06-13,CUST-0027,Customer 27,Consumer,Europe,France,Online,Office Supplies,Printer,8,803.67,0.08,5915.01,3111.9,2803.11,PayPal,Completed,1,7,Yes
ORD-00652,2025-06-13,CUST-0286,Customer 286,Corporate,Asia Pacific,Australia,Online,Technology,Tablet X,1,1607.3,0.0,1607.3,841.9,765.4,Credit Card,Completed,4,7,Yes
ORD-00032,2025-06-13,CUST-0232,Customer 232,Small Business,North America,United States,Online,Accessories,USB-C Hub,7,1161.08,0.02,7965.01,6005.53,1959.48,PayPal,Completed,1,6,Yes
ORD-01186,2025-06-14,CUST-0229,Customer 229,Small Business,Latin America,Brazil,Online,Office Supplies,Premium Paper,8,490.65,0.05,3728.94,2830.13,898.81,Bank Transfer,Completed,11,11,Yes
ORD-01040,2025-06-14,CUST-0173,Customer 173,Consumer,Europe,France,Retail Store,Technology,Wireless Router,3,831.89,0.05,2370.89,1837.12,533.77,PayPal,Completed,7,10,Yes
ORD-00003,2025-06-15,CUST-0257,Customer 257,Small Business,Middle East,UAE,Online,Technology,Tablet X,8,622.76,0.05,4732.98,3066.98,1666.0,Bank Transfer,Returned,8,5,No
ORD-00580,2025-06-15,CUST-0270,Customer 270,Corporate,North America,Canada,Online,Office Supplies,Office Organizer,6,1551.9,0.15,7914.69,4829.21,3085.48,Bank Transfer,Returned,3,8,Yes
ORD-01202,2025-06-15,CUST-0164,Customer 164,Small Business,North America,Canada,Online,Technology,Business Monitor,6,392.69,0.08,2167.65,1658.45,509.2,PayPal,Returned,6,3,No
ORD-00004,2025-06-15,CUST-0275,Customer 275,Consumer,Asia Pacific,Australia,Online,Furniture,Standing Desk,1,694.34,0.1,624.91,443.98,180.93,Bank Transfer,Completed,13,10,No
ORD-00267,2025-06-16,CUST-0064,Customer 64,Consumer,Asia Pacific,Australia,Partner,Furniture,Standing Desk,7,385.13,0.15,2291.52,1852.14,439.38,Bank Transfer,Completed,6,6,Yes
ORD-00338,2025-06-18,CUST-0092,Customer 92,Corporate,Asia Pacific,Australia,Online,Accessories,USB-C Hub,5,148.52,0.15,631.21,516.0,115.21,Bank Transfer,Shipped,10,5,No
ORD-00220,2025-06-18,CUST-0068,Customer 68,Consumer,Middle East,UAE,Retail Store,Furniture,Standing Desk,2,940.83,0.15,1599.41,1127.49,471.92,PayPal,Completed,5,7,Yes
ORD-00509,2025-06-19,CUST-0199,Customer 199,Consumer,Latin America,Mexico,Online,Technology,Business Monitor,9,698.53,0.08,5783.83,3857.05,1926.78,Bank Transfer,Completed,14,3,No
ORD-00128,2025-06-19,CUST-0210,Customer 210,Consumer,Latin America,Mexico,Partner,Technology,Laptop Pro 14,10,1314.47,0.1,11830.23,7011.76,4818.47,Credit Card,Completed,5,10,Yes
ORD-01168,2025-06-19,CUST-0031,Customer 31,Small Business,Europe,United Kingdom,Online,Furniture,Storage Cabinet,7,431.94,0.1,2721.22,2193.5,527.72,Bank Transfer,Completed,6,6,Yes
ORD-01410,2025-06-19,CUST-0071,Customer 71,Consumer,Latin America,Brazil,Retail Store,Furniture,Conference Table,1,227.38,0.08,209.19,143.77,65.42,Cash,Completed,13,8,No
ORD-00450,2025-06-20,CUST-0288,Customer 288,Consumer,North America,Canada,Online,Furniture,Executive Chair,10,356.82,0.08,3282.74,1904.95,1377.79,PayPal,Completed,6,11,Yes
ORD-01340,2025-06-20,CUST-0239,Customer 239,Consumer,North America,United States,Online,Accessories,Wireless Mouse,7,1634.72,0.02,11214.18,5939.75,5274.43,Bank Transfer,Completed,11,11,Yes
ORD-00010,2025-06-20,CUST-0048,Customer 48,Corporate,Asia Pacific,Australia,Online,Furniture,Standing Desk,7,1465.41,0.15,8719.19,6412.71,2306.48,Credit Card,Completed,13,3,No
ORD-00662,2025-06-20,CUST-0075,Customer 75,Small Business,Latin America,Mexico,Online,Office Supplies,Printer,5,1154.44,0.08,5310.42,3815.69,1494.73,Cash,Completed,13,8,No
ORD-01044,2025-06-22,CUST-0106,Customer 106,Corporate,Asia Pacific,Australia,Retail Store,Accessories,Mechanical Keyboard,6,87.14,0.1,470.56,252.59,217.97,Cash,Returned,4,3,No
ORD-01243,2025-06-22,CUST-0117,Customer 117,Consumer,Middle East,UAE,Online,Office Supplies,Premium Paper,8,1116.23,0.0,8929.84,6096.7,2833.14,Bank Transfer,Completed,14,10,No
ORD-00218,2025-06-22,CUST-0045,Customer 45,Corporate,Middle East,UAE,Online,Accessories,Mechanical Keyboard,9,896.1,0.05,0.0,4299.09,0.0,PayPal,Cancelled,4,4,Yes
ORD-01170,2025-06-22,CUST-0128,Customer 128,Small Business,Europe,Germany,Online,Technology,Tablet X,8,1383.62,0.05,10515.51,6811.95,3703.56,PayPal,Completed,1,9,Yes
ORD-00963,2025-06-23,CUST-0246,Customer 246,Consumer,North America,United States,Online,Technology,Tablet X,5,467.34,0.02,2289.97,1465.99,823.98,Credit Card,Returned,5,7,Yes
ORD-00181,2025-06-23,CUST-0235,Customer 235,Corporate,Europe,United Kingdom,Retail Store,Accessories,Webcam,7,1712.8,0.05,11390.12,7665.12,3725.0,Bank Transfer,Completed,6,11,Yes
ORD-00516,2025-06-24,CUST-0150,Customer 150,Consumer,North America,Canada,Online,Furniture,Storage Cabinet,7,1710.18,0.15,10175.57,7375.49,2800.08,Cash,Completed,8,7,No
ORD-01299,2025-06-24,CUST-0083,Customer 83,Small Business,Asia Pacific,Singapore,Online,Technology,Wireless Router,5,462.87,0.15,1967.2,1519.68,447.52,Cash,Shipped,9,10,Yes
ORD-00715,2025-06-24,CUST-0134,Customer 134,Small Business,Europe,France,Online,Accessories,Mechanical Keyboard,9,1431.12,0.08,11849.67,8710.11,3139.56,Cash,Completed,8,4,No
ORD-01289,2025-06-25,CUST-0089,Customer 89,Consumer,North America,United States,Online,Technology,Laptop Pro 14,4,726.29,0.1,2614.64,1437.31,1177.33,Cash,Completed,13,3,No
ORD-00793,2025-06-25,CUST-0002,Customer 2,Small Business,Europe,United Kingdom,Online,Technology,Tablet X,10,422.06,0.02,0.0,3091.94,0.0,Credit Card,Cancelled,4,8,Yes
ORD-01463,2025-06-28,CUST-0064,Customer 64,Corporate,North America,United States,Online,Technology,Tablet X,9,771.09,0.1,6245.83,3828.72,2417.11,Cash,Completed,11,4,No
ORD-00289,2025-06-28,CUST-0284,Customer 284,Small Business,Europe,Germany,Online,Office Supplies,Ink Cartridge,5,685.51,0.05,3256.17,1919.03,1337.14,PayPal,Completed,11,8,No
ORD-00209,2025-06-28,CUST-0262,Customer 262,Small Business,North America,Canada,Retail Store,Technology,Business Monitor,7,1367.47,0.08,8806.51,5136.94,3669.57,Credit Card,Completed,2,7,Yes
ORD-00663,2025-06-28,CUST-0135,Customer 135,Small Business,Asia Pacific,Australia,Retail Store,Furniture,Conference Table,10,1401.95,0.02,13739.11,10116.67,3622.44,Cash,Completed,1,4,Yes
ORD-00336,2025-06-30,CUST-0238,Customer 238,Corporate,North America,Canada,Partner,Accessories,USB-C Hub,1,1639.24,0.08,1508.1,1063.31,444.79,PayPal,Completed,3,5,Yes
ORD-00374,2025-06-30,CUST-0145,Customer 145,Small Business,Asia Pacific,India,Online,Office Supplies,Premium Paper,7,386.91,0.05,2572.95,1499.58,1073.37,PayPal,Completed,1,10,Yes
ORD-00475,2025-07-01,CUST-0062,Customer 62,Corporate,Asia Pacific,Singapore,Online,Office Supplies,Premium Paper,10,1546.34,0.0,15463.4,8941.19,6522.21,PayPal,Completed,10,7,No
ORD-00782,2025-07-01,CUST-0056,Customer 56,Corporate,Asia Pacific,India,Online,Technology,Tablet X,8,1702.83,0.15,0.0,8577.85,0.0,Credit Card,Cancelled,1,5,Yes
ORD-00947,2025-07-02,CUST-0067,Customer 67,Corporate,North America,United States,Online,Technology,Laptop Pro 14,10,1361.0,0.08,12521.2,8580.9,3940.3,PayPal,Completed,4,5,Yes
ORD-01007,2025-07-02,CUST-0248,Customer 248,Small Business,Asia Pacific,India,Online,Accessories,USB-C Hub,8,1033.55,0.1,7441.56,5663.96,1777.6,Credit Card,Completed,8,7,No
ORD-00407,2025-07-02,CUST-0156,Customer 156,Consumer,Europe,United Kingdom,Online,Technology,Tablet X,8,1699.24,0.05,12914.22,10550.4,2363.82,Cash,Completed,6,6,Yes
ORD-01375,2025-07-02,CUST-0165,Customer 165,Consumer,North America,United States,Retail Store,Accessories,Mechanical Keyboard,5,70.13,0.0,350.65,233.22,117.43,PayPal,Returned,3,9,Yes
ORD-00859,2025-07-03,CUST-0037,Customer 37,Consumer,Asia Pacific,India,Online,Accessories,Wireless Mouse,10,1416.88,0.08,0.0,7453.54,0.0,Cash,Cancelled,8,7,No
ORD-01154,2025-07-04,CUST-0034,Customer 34,Consumer,Asia Pacific,Singapore,Online,Technology,Laptop Pro 14,3,1189.14,0.08,3282.03,1889.8,1392.23,Credit Card,Shipped,9,3,No
ORD-01367,2025-07-04,CUST-0027,Customer 27,Corporate,Middle East,UAE,Online,Office Supplies,Premium Paper,10,412.72,0.05,3920.84,2156.85,1763.99,Credit Card,Completed,6,7,Yes
ORD-00439,2025-07-04,CUST-0277,Customer 277,Consumer,Asia Pacific,India,Retail Store,Office Supplies,Printer,1,684.25,0.1,615.83,378.22,237.61,PayPal,Completed,8,11,Yes
ORD-00230,2025-07-05,CUST-0091,Customer 91,Consumer,Asia Pacific,India,Retail Store,Furniture,Storage Cabinet,9,274.01,0.05,2342.79,1430.35,912.44,Credit Card,Completed,4,4,Yes
ORD-01159,2025-07-06,CUST-0028,Customer 28,Consumer,Latin America,Mexico,Online,Office Supplies,Premium Paper,1,1614.86,0.0,1614.86,887.62,727.24,PayPal,Completed,9,5,No
ORD-00309,2025-07-06,CUST-0100,Customer 100,Corporate,Middle East,Pakistan,Online,Technology,Business Monitor,1,1228.39,0.1,1105.55,712.0,393.55,Bank Transfer,Completed,12,9,No
ORD-00785,2025-07-07,CUST-0094,Customer 94,Corporate,North America,United States,Online,Office Supplies,Ink Cartridge,3,1477.46,0.08,4077.79,3091.5,986.29,Cash,Completed,11,8,No
ORD-00841,2025-07-07,CUST-0233,Customer 233,Corporate,North America,United States,Online,Office Supplies,Premium Paper,5,915.47,0.02,4485.8,2484.28,2001.52,Credit Card,Completed,6,6,Yes
ORD-01116,2025-07-08,CUST-0136,Customer 136,Consumer,Asia Pacific,India,Online,Technology,Wireless Router,8,829.93,0.15,0.0,4473.1,0.0,PayPal,Cancelled,5,3,No
ORD-00982,2025-07-08,CUST-0020,Customer 20,Consumer,Middle East,Pakistan,Retail Store,Technology,Laptop Pro 14,3,173.6,0.0,520.8,395.86,124.94,Cash,Returned,6,4,No
ORD-00041,2025-07-08,CUST-0104,Customer 104,Consumer,North America,Canada,Retail Store,Office Supplies,Printer,7,887.31,0.1,5590.05,4565.7,1024.35,PayPal,Completed,9,8,No
ORD-00860,2025-07-09,CUST-0147,Customer 147,Consumer,North America,Canada,Online,Technology,Tablet X,7,1352.14,0.02,0.0,5543.07,0.0,Cash,Cancelled,13,3,No
ORD-00298,2025-07-09,CUST-0165,Customer 165,Small Business,North America,Canada,Online,Furniture,Conference Table,6,91.28,0.02,536.73,285.42,251.31,Cash,Completed,13,10,No
ORD-00503,2025-07-09,CUST-0222,Customer 222,Corporate,Europe,France,Online,Office Supplies,Office Organizer,4,757.68,0.08,2788.26,2047.72,740.54,Credit Card,Completed,8,9,Yes
ORD-00424,2025-07-10,CUST-0137,Customer 137,Small Business,Europe,France,Online,Technology,Business Monitor,2,1700.15,0.1,0.0,1679.17,0.0,PayPal,Cancelled,4,5,Yes
ORD-00994,2025-07-11,CUST-0254,Customer 254,Corporate,Asia Pacific,Singapore,Partner,Accessories,Mechanical Keyboard,8,1642.56,0.05,12483.46,8682.01,3801.45,Cash,Returned,4,9,Yes
ORD-00602,2025-07-11,CUST-0076,Customer 76,Corporate,North America,United States,Online,Technology,Wireless Router,5,1762.68,0.15,7491.39,4373.38,3118.01,Cash,Completed,3,8,Yes
ORD-00564,2025-07-12,CUST-0092,Customer 92,Consumer,North America,Canada,Partner,Accessories,Webcam,4,36.6,0.0,146.4,84.1,62.3,Credit Card,Completed,12,10,No
ORD-01104,2025-07-12,CUST-0039,Customer 39,Small Business,Latin America,Brazil,Online,Accessories,Webcam,1,1712.83,0.05,1627.19,928.35,698.84,PayPal,Completed,10,10,Yes
ORD-00823,2025-07-13,CUST-0188,Customer 188,Corporate,Europe,Germany,Online,Technology,Laptop Pro 14,10,1347.28,0.05,12799.16,9865.4,2933.76,Cash,Completed,2,6,Yes
ORD-00906,2025-07-14,CUST-0095,Customer 95,Consumer,Latin America,Brazil,Retail Store,Office Supplies,Office Organizer,3,679.66,0.02,0.0,1446.73,0.0,Credit Card,Cancelled,8,4,No
ORD-01064,2025-07-14,CUST-0132,Customer 132,Corporate,Europe,United Kingdom,Online,Technology,Tablet X,5,1578.5,0.15,6708.62,3830.39,2878.23,Credit Card,Completed,12,8,No
ORD-01103,2025-07-14,CUST-0052,Customer 52,Corporate,Latin America,Brazil,Partner,Technology,Tablet X,7,1500.26,0.1,9451.64,5014.55,4437.09,PayPal,Returned,13,6,No
ORD-01487,2025-07-14,CUST-0291,Customer 291,Small Business,Europe,United Kingdom,Retail Store,Furniture,Executive Chair,10,1601.88,0.0,16018.8,10162.84,5855.96,Credit Card,Completed,2,3,Yes
ORD-01233,2025-07-15,CUST-0253,Customer 253,Small Business,North America,Canada,Retail Store,Office Supplies,Ink Cartridge,10,938.51,0.02,9197.4,7290.89,1906.51,PayPal,Completed,4,7,Yes
ORD-00431,2025-07-15,CUST-0038,Customer 38,Consumer,North America,United States,Partner,Furniture,Storage Cabinet,8,280.26,0.0,2242.08,1350.17,891.91,PayPal,Completed,9,9,Yes
ORD-00871,2025-07-15,CUST-0223,Customer 223,Corporate,Europe,Germany,Retail Store,Technology,Tablet X,10,1249.25,0.1,11243.25,6684.8,4558.45,Bank Transfer,Completed,11,4,No
ORD-01264,2025-07-16,CUST-0068,Customer 68,Corporate,Europe,France,Online,Office Supplies,Ink Cartridge,7,1036.04,0.05,6889.67,5412.74,1476.93,Credit Card,Completed,1,8,Yes
ORD-01473,2025-07-18,CUST-0204,Customer 204,Small Business,Latin America,Mexico,Retail Store,Accessories,Webcam,10,1671.9,0.1,15047.1,8716.41,6330.69,Credit Card,Returned,3,8,Yes
ORD-01110,2025-07-18,CUST-0004,Customer 4,Corporate,North America,United States,Online,Technology,Laptop Pro 14,9,1571.26,0.02,13858.51,8636.46,5222.05,Cash,Completed,14,7,No
ORD-00743,2025-07-18,CUST-0207,Customer 207,Corporate,Middle East,Pakistan,Online,Office Supplies,Premium Paper,3,1691.89,0.08,4669.62,2617.85,2051.77,Cash,Completed,6,10,Yes
ORD-00496,2025-07-18,CUST-0142,Customer 142,Corporate,Europe,France,Partner,Office Supplies,Printer,8,1413.09,0.0,11304.72,6048.51,5256.21,Credit Card,Shipped,7,4,No
ORD-00193,2025-07-19,CUST-0042,Customer 42,Consumer,Latin America,Brazil,Retail Store,Office Supplies,Printer,10,926.37,0.05,8800.52,7156.34,1644.18,Cash,Completed,7,3,No
ORD-00992,2025-07-19,CUST-0277,Customer 277,Consumer,Asia Pacific,India,Retail Store,Accessories,Wireless Mouse,8,790.11,0.05,6004.84,3735.21,2269.63,Bank Transfer,Returned,4,10,Yes
ORD-01138,2025-07-19,CUST-0183,Customer 183,Small Business,Europe,United Kingdom,Partner,Furniture,Standing Desk,10,1672.58,0.15,14216.93,10546.48,3670.45,PayPal,Completed,2,7,Yes
ORD-01181,2025-07-19,CUST-0221,Customer 221,Consumer,Latin America,Brazil,Partner,Accessories,Wireless Mouse,5,877.13,0.08,4034.8,2808.33,1226.47,Bank Transfer,Completed,11,10,No
ORD-01283,2025-07-19,CUST-0284,Customer 284,Small Business,Asia Pacific,Singapore,Online,Technology,Wireless Router,6,444.11,0.2,2131.73,1188.12,943.61,Credit Card,Completed,4,5,Yes
ORD-01363,2025-07-19,CUST-0158,Customer 158,Corporate,Asia Pacific,India,Online,Technology,Tablet X,7,622.17,0.08,0.0,2917.29,0.0,PayPal,Cancelled,6,11,Yes
ORD-01359,2025-07-19,CUST-0207,Customer 207,Consumer,North America,United States,Partner,Accessories,USB-C Hub,6,871.19,0.05,4965.78,2618.95,2346.83,Cash,Completed,3,4,Yes
ORD-00265,2025-07-20,CUST-0063,Customer 63,Small Business,Latin America,Brazil,Online,Technology,Business Monitor,2,1124.63,0.02,2204.27,1709.79,494.48,PayPal,Completed,7,3,No
ORD-00438,2025-07-21,CUST-0045,Customer 45,Corporate,Middle East,UAE,Online,Furniture,Executive Chair,4,1285.19,0.0,5140.76,3214.86,1925.9,PayPal,Completed,10,4,No
ORD-01123,2025-07-21,CUST-0268,Customer 268,Corporate,Latin America,Brazil,Online,Technology,Business Monitor,5,1705.94,0.05,8103.22,6322.83,1780.39,PayPal,Completed,9,7,No
ORD-00223,2025-07-21,CUST-0261,Customer 261,Consumer,North America,United States,Partner,Accessories,USB-C Hub,6,187.23,0.08,1033.51,808.11,225.4,Cash,Completed,8,9,Yes
ORD-00874,2025-07-22,CUST-0299,Customer 299,Corporate,Europe,Germany,Retail Store,Accessories,Mechanical Keyboard,3,98.61,0.05,281.04,160.95,120.09,Bank Transfer,Completed,2,8,Yes
ORD-01252,2025-07-22,CUST-0261,Customer 261,Consumer,Europe,Germany,Retail Store,Accessories,Mechanical Keyboard,10,905.21,0.1,8146.89,4655.57,3491.32,Cash,Completed,3,8,Yes
ORD-01178,2025-07-23,CUST-0270,Customer 270,Consumer,North America,United States,Online,Furniture,Conference Table,9,1630.15,0.1,13204.22,10822.88,2381.34,PayPal,Completed,6,9,Yes
ORD-01134,2025-07-24,CUST-0102,Customer 102,Consumer,North America,Canada,Online,Technology,Tablet X,2,1381.6,0.05,0.0,1491.76,0.0,Credit Card,Cancelled,11,6,No
ORD-00354,2025-07-25,CUST-0033,Customer 33,Small Business,North America,United States,Online,Accessories,Webcam,6,712.67,0.02,4190.5,2870.86,1319.64,Bank Transfer,Completed,12,9,No
ORD-01199,2025-07-26,CUST-0183,Customer 183,Corporate,Middle East,UAE,Partner,Furniture,Executive Chair,7,571.07,0.02,3917.54,2676.74,1240.8,PayPal,Shipped,1,10,Yes
ORD-00324,2025-07-26,CUST-0059,Customer 59,Consumer,North America,United States,Retail Store,Office Supplies,Office Organizer,7,1232.64,0.1,7765.63,4720.34,3045.29,PayPal,Completed,7,7,Yes
ORD-00566,2025-07-27,CUST-0220,Customer 220,Consumer,Asia Pacific,India,Online,Furniture,Storage Cabinet,10,337.14,0.08,3101.69,2387.85,713.84,PayPal,Completed,3,4,Yes
ORD-00908,2025-07-27,CUST-0035,Customer 35,Consumer,Europe,France,Partner,Office Supplies,Office Organizer,8,1262.81,0.2,8081.98,4532.8,3549.18,PayPal,Completed,11,7,No
ORD-01332,2025-07-27,CUST-0071,Customer 71,Small Business,Middle East,Saudi Arabia,Online,Office Supplies,Office Organizer,8,1426.79,0.15,9702.17,6873.26,2828.91,Credit Card,Completed,2,6,Yes
ORD-00886,2025-07-27,CUST-0294,Customer 294,Consumer,North America,United States,Online,Office Supplies,Office Organizer,4,1668.09,0.02,6538.91,3695.93,2842.98,Credit Card,Completed,2,5,Yes
ORD-00937,2025-07-28,CUST-0247,Customer 247,Consumer,North America,Canada,Retail Store,Furniture,Conference Table,5,1496.9,0.05,7110.28,4961.17,2149.11,Bank Transfer,Completed,7,11,Yes
ORD-00615,2025-07-28,CUST-0195,Customer 195,Corporate,Latin America,Mexico,Partner,Technology,Wireless Router,6,676.27,0.08,3733.01,2829.14,903.87,Credit Card,Completed,8,3,No
ORD-00329,2025-07-29,CUST-0284,Customer 284,Consumer,Europe,France,Online,Office Supplies,Printer,6,875.74,0.2,4203.55,3147.64,1055.91,Cash,Completed,14,11,No
ORD-00110,2025-07-29,CUST-0029,Customer 29,Corporate,North America,United States,Online,Technology,Business Monitor,10,55.1,0.0,551.0,351.27,199.73,Credit Card,Shipped,5,5,Yes
ORD-00103,2025-07-29,CUST-0093,Customer 93,Corporate,Europe,United Kingdom,Online,Accessories,Wireless Mouse,5,1306.57,0.0,6532.85,5194.31,1338.54,Credit Card,Completed,13,7,No
ORD-00952,2025-07-29,CUST-0208,Customer 208,Consumer,Asia Pacific,Australia,Partner,Accessories,Webcam,5,874.62,0.05,4154.44,3113.21,1041.23,PayPal,Completed,5,8,Yes
ORD-00613,2025-07-30,CUST-0158,Customer 158,Consumer,Asia Pacific,Australia,Online,Office Supplies,Printer,5,363.85,0.0,1819.25,981.01,838.24,Bank Transfer,Completed,5,8,Yes
ORD-01490,2025-07-30,CUST-0145,Customer 145,Consumer,Europe,United Kingdom,Online,Furniture,Storage Cabinet,6,38.78,0.1,209.41,128.89,80.52,Bank Transfer,Completed,5,7,Yes
ORD-00260,2025-07-31,CUST-0204,Customer 204,Small Business,North America,Canada,Online,Office Supplies,Printer,2,1405.71,0.05,2670.85,1480.23,1190.62,PayPal,Completed,9,10,Yes
ORD-01130,2025-07-31,CUST-0114,Customer 114,Corporate,North America,United States,Retail Store,Technology,Laptop Pro 14,2,876.24,0.08,1612.28,843.27,769.01,Cash,Completed,13,6,No
ORD-01256,2025-08-01,CUST-0287,Customer 287,Consumer,Europe,United Kingdom,Retail Store,Technology,Business Monitor,3,1788.53,0.15,0.0,3285.92,0.0,Bank Transfer,Cancelled,1,7,Yes
ORD-00143,2025-08-01,CUST-0077,Customer 77,Consumer,Europe,United Kingdom,Online,Furniture,Conference Table,3,1469.82,0.08,0.0,3127.77,0.0,Bank Transfer,Cancelled,1,9,Yes
ORD-00275,2025-08-01,CUST-0265,Customer 265,Consumer,Asia Pacific,India,Online,Technology,Wireless Router,6,995.48,0.08,5495.05,3272.3,2222.75,Bank Transfer,Completed,12,7,No
ORD-01376,2025-08-01,CUST-0264,Customer 264,Small Business,Latin America,Mexico,Retail Store,Accessories,Wireless Mouse,7,1268.78,0.08,8170.94,6035.47,2135.47,PayPal,Completed,5,9,Yes
ORD-00115,2025-08-03,CUST-0284,Customer 284,Small Business,Asia Pacific,Singapore,Online,Accessories,Mechanical Keyboard,2,1072.28,0.05,2037.33,1638.09,399.24,Bank Transfer,Completed,1,9,Yes
ORD-00237,2025-08-03,CUST-0109,Customer 109,Corporate,Europe,Germany,Retail Store,Furniture,Conference Table,6,966.52,0.1,0.0,3845.66,0.0,Bank Transfer,Cancelled,1,4,Yes
ORD-00942,2025-08-04,CUST-0263,Customer 263,Consumer,Asia Pacific,Australia,Retail Store,Furniture,Conference Table,1,1086.99,0.08,1000.03,757.7,242.33,PayPal,Completed,1,10,Yes
ORD-01165,2025-08-04,CUST-0090,Customer 90,Consumer,North America,Canada,Partner,Furniture,Executive Chair,10,211.03,0.1,1899.27,1459.22,440.05,PayPal,Completed,7,11,Yes
ORD-00408,2025-08-04,CUST-0023,Customer 23,Corporate,North America,United States,Retail Store,Office Supplies,Ink Cartridge,9,1308.47,0.15,10009.8,5847.49,4162.31,Credit Card,Completed,2,5,Yes
ORD-01063,2025-08-04,CUST-0117,Customer 117,Small Business,Middle East,Pakistan,Online,Office Supplies,Ink Cartridge,4,1230.13,0.15,4182.44,2245.91,1936.53,Cash,Completed,12,7,No
ORD-00384,2025-08-05,CUST-0129,Customer 129,Consumer,Latin America,Brazil,Online,Accessories,Wireless Mouse,10,1402.63,0.05,13324.98,9061.69,4263.29,Credit Card,Completed,10,11,Yes
ORD-00055,2025-08-05,CUST-0140,Customer 140,Consumer,Asia Pacific,Singapore,Partner,Technology,Laptop Pro 14,10,1764.79,0.1,15883.11,9396.68,6486.43,Credit Card,Completed,6,10,Yes
ORD-00809,2025-08-06,CUST-0100,Customer 100,Small Business,Europe,United Kingdom,Partner,Furniture,Standing Desk,9,1482.07,0.08,12271.54,7155.86,5115.68,Bank Transfer,Completed,9,5,No
ORD-00487,2025-08-07,CUST-0118,Customer 118,Consumer,North America,United States,Retail Store,Office Supplies,Office Organizer,8,1500.39,0.05,11402.96,7083.51,4319.45,PayPal,Completed,5,5,Yes
ORD-01479,2025-08-07,CUST-0140,Customer 140,Consumer,Middle East,Saudi Arabia,Retail Store,Technology,Wireless Router,9,1484.26,0.1,12022.51,8575.32,3447.19,Bank Transfer,Completed,5,6,Yes
ORD-00291,2025-08-07,CUST-0013,Customer 13,Consumer,North America,United States,Online,Office Supplies,Printer,9,1483.11,0.0,0.0,9399.78,0.0,PayPal,Cancelled,5,8,Yes
ORD-01190,2025-08-07,CUST-0102,Customer 102,Consumer,Asia Pacific,Australia,Partner,Accessories,Wireless Mouse,1,296.46,0.1,266.81,167.69,99.12,Cash,Completed,4,4,Yes
ORD-00725,2025-08-09,CUST-0137,Customer 137,Corporate,Asia Pacific,Singapore,Online,Furniture,Standing Desk,5,738.36,0.2,0.0,2029.89,0.0,PayPal,Cancelled,5,5,Yes
ORD-00758,2025-08-09,CUST-0225,Customer 225,Consumer,Asia Pacific,India,Partner,Accessories,Webcam,5,221.6,0.05,1052.6,567.62,484.98,Bank Transfer,Completed,1,7,Yes
ORD-00491,2025-08-10,CUST-0019,Customer 19,Consumer,Europe,France,Retail Store,Furniture,Executive Chair,9,926.61,0.2,6671.59,3774.76,2896.83,Cash,Completed,1,4,Yes
ORD-00552,2025-08-11,CUST-0095,Customer 95,Corporate,Latin America,Brazil,Online,Furniture,Conference Table,1,538.74,0.1,484.87,318.87,166.0,Cash,Completed,1,11,Yes
ORD-00385,2025-08-11,CUST-0086,Customer 86,Consumer,Middle East,Pakistan,Online,Technology,Business Monitor,3,263.93,0.1,712.61,546.6,166.01,Credit Card,Completed,8,7,No
ORD-00086,2025-08-12,CUST-0254,Customer 254,Corporate,Europe,United Kingdom,Retail Store,Office Supplies,Ink Cartridge,6,502.01,0.05,2861.46,2318.77,542.69,Credit Card,Returned,14,9,No
ORD-00075,2025-08-12,CUST-0068,Customer 68,Consumer,Asia Pacific,India,Retail Store,Accessories,Wireless Mouse,10,1053.33,0.2,8426.64,6206.69,2219.95,PayPal,Completed,2,10,Yes
ORD-00513,2025-08-12,CUST-0131,Customer 131,Consumer,Latin America,Mexico,Retail Store,Accessories,Webcam,1,504.44,0.02,494.35,324.0,170.35,PayPal,Completed,12,4,No
ORD-01249,2025-08-13,CUST-0102,Customer 102,Corporate,Latin America,Mexico,Online,Accessories,USB-C Hub,2,1303.21,0.0,0.0,1786.83,0.0,Bank Transfer,Cancelled,6,4,No
ORD-00774,2025-08-13,CUST-0283,Customer 283,Consumer,Europe,United Kingdom,Retail Store,Technology,Wireless Router,4,1076.06,0.15,3658.6,2663.53,995.07,Cash,Completed,2,5,Yes
ORD-01266,2025-08-14,CUST-0196,Customer 196,Small Business,North America,United States,Online,Accessories,Wireless Mouse,1,91.23,0.2,72.98,58.82,14.16,Cash,Completed,2,6,Yes
ORD-00456,2025-08-14,CUST-0069,Customer 69,Consumer,Europe,United Kingdom,Online,Technology,Tablet X,9,1262.87,0.02,11138.51,7840.32,3298.19,Cash,Completed,9,10,Yes
ORD-00112,2025-08-15,CUST-0051,Customer 51,Corporate,North America,Canada,Online,Office Supplies,Premium Paper,3,698.71,0.0,2096.13,1263.35,832.78,Credit Card,Completed,6,11,Yes
ORD-00803,2025-08-15,CUST-0152,Customer 152,Consumer,Asia Pacific,Australia,Online,Accessories,Mechanical Keyboard,6,156.35,0.2,750.48,562.1,188.38,PayPal,Completed,10,6,No
ORD-00096,2025-08-17,CUST-0274,Customer 274,Consumer,Europe,United Kingdom,Online,Office Supplies,Ink Cartridge,4,240.53,0.08,885.15,485.5,399.65,Bank Transfer,Completed,11,4,No
ORD-01149,2025-08-17,CUST-0276,Customer 276,Consumer,Latin America,Brazil,Retail Store,Office Supplies,Office Organizer,9,49.51,0.0,445.59,321.99,123.6,Cash,Completed,14,4,No
ORD-00130,2025-08-17,CUST-0233,Customer 233,Consumer,Asia Pacific,Australia,Retail Store,Furniture,Conference Table,9,1147.01,0.1,9290.78,6304.78,2986.0,Bank Transfer,Completed,13,3,No
ORD-00430,2025-08-17,CUST-0271,Customer 271,Consumer,North America,Canada,Partner,Office Supplies,Ink Cartridge,7,1355.28,0.2,7589.57,6019.47,1570.1,Credit Card,Shipped,11,9,No
ORD-00821,2025-08-18,CUST-0145,Customer 145,Consumer,Middle East,Saudi Arabia,Retail Store,Technology,Tablet X,2,1009.31,0.02,1978.25,1393.72,584.53,Cash,Completed,10,7,No
ORD-00567,2025-08-18,CUST-0099,Customer 99,Corporate,Europe,Germany,Online,Office Supplies,Office Organizer,5,219.41,0.08,1009.29,710.87,298.42,Credit Card,Completed,10,4,No
ORD-01191,2025-08-19,CUST-0048,Customer 48,Consumer,North America,Canada,Online,Technology,Laptop Pro 14,9,1189.01,0.02,10487.07,7345.28,3141.79,Credit Card,Completed,8,4,No
ORD-01244,2025-08-19,CUST-0200,Customer 200,Consumer,Middle East,UAE,Online,Furniture,Storage Cabinet,10,201.28,0.15,1710.88,1381.78,329.1,Cash,Completed,6,9,Yes
ORD-00126,2025-08-19,CUST-0255,Customer 255,Consumer,Europe,United Kingdom,Online,Technology,Wireless Router,6,1647.47,0.0,9884.82,7080.42,2804.4,Bank Transfer,Completed,7,6,No
ORD-00352,2025-08-20,CUST-0096,Customer 96,Small Business,Latin America,Mexico,Online,Technology,Wireless Router,7,745.61,0.05,4958.31,3077.34,1880.97,Credit Card,Returned,7,10,Yes
ORD-00296,2025-08-21,CUST-0253,Customer 253,Corporate,Asia Pacific,Singapore,Partner,Furniture,Storage Cabinet,3,513.15,0.15,1308.53,823.74,484.79,PayPal,Completed,13,8,No
ORD-01360,2025-08-21,CUST-0283,Customer 283,Small Business,Asia Pacific,Australia,Partner,Technology,Laptop Pro 14,8,1446.26,0.05,10991.58,7942.48,3049.1,Cash,Completed,8,10,Yes
ORD-00476,2025-08-21,CUST-0043,Customer 43,Corporate,Latin America,Mexico,Retail Store,Office Supplies,Office Organizer,7,233.36,0.05,1551.84,1112.43,439.41,PayPal,Completed,11,3,No
ORD-00201,2025-08-21,CUST-0099,Customer 99,Consumer,Asia Pacific,Singapore,Online,Technology,Wireless Router,8,1342.48,0.15,9128.86,7144.23,1984.63,PayPal,Shipped,7,9,Yes
ORD-01474,2025-08-22,CUST-0110,Customer 110,Small Business,Europe,France,Online,Technology,Tablet X,5,954.55,0.05,4534.11,2943.61,1590.5,Cash,Completed,9,6,No
ORD-00911,2025-08-22,CUST-0079,Customer 79,Small Business,Asia Pacific,Australia,Online,Furniture,Storage Cabinet,1,1391.23,0.02,1363.41,1035.79,327.62,Cash,Completed,6,6,Yes
ORD-00283,2025-08-22,CUST-0083,Customer 83,Consumer,Europe,Germany,Online,Office Supplies,Premium Paper,1,1102.74,0.08,1014.52,551.18,463.34,Credit Card,Completed,5,4,No
ORD-00325,2025-08-22,CUST-0054,Customer 54,Consumer,Latin America,Mexico,Partner,Technology,Business Monitor,4,1042.04,0.05,3959.75,2866.27,1093.48,Bank Transfer,Completed,1,5,Yes
ORD-01342,2025-08-22,CUST-0181,Customer 181,Consumer,Europe,United Kingdom,Online,Furniture,Executive Chair,3,1133.74,0.0,0.0,2088.49,0.0,PayPal,Cancelled,7,5,No
ORD-00912,2025-08-23,CUST-0061,Customer 61,Consumer,North America,Canada,Retail Store,Furniture,Conference Table,6,192.45,0.15,981.49,521.05,460.44,Bank Transfer,Completed,7,9,Yes
ORD-00490,2025-08-23,CUST-0281,Customer 281,Corporate,Latin America,Brazil,Retail Store,Technology,Laptop Pro 14,3,537.76,0.0,1613.28,1133.5,479.78,Cash,Completed,11,8,No
ORD-00472,2025-08-23,CUST-0013,Customer 13,Consumer,Latin America,Brazil,Online,Accessories,Webcam,2,1362.99,0.08,2507.9,1421.42,1086.48,PayPal,Completed,8,9,Yes
ORD-00641,2025-08-23,CUST-0237,Customer 237,Consumer,North America,United States,Online,Accessories,Mechanical Keyboard,3,368.62,0.15,939.98,610.79,329.19,Credit Card,Completed,7,7,Yes
ORD-00508,2025-08-24,CUST-0181,Customer 181,Consumer,Middle East,Pakistan,Online,Technology,Business Monitor,8,1055.3,0.05,8020.28,5375.4,2644.88,Bank Transfer,Completed,4,4,Yes
ORD-00732,2025-08-25,CUST-0067,Customer 67,Consumer,Middle East,Pakistan,Online,Accessories,Mechanical Keyboard,2,1471.41,0.1,2648.54,1856.87,791.67,PayPal,Completed,1,5,Yes
ORD-00285,2025-08-26,CUST-0173,Customer 173,Consumer,Asia Pacific,India,Retail Store,Technology,Business Monitor,3,744.17,0.08,2053.91,1162.91,891.0,PayPal,Completed,4,8,Yes
ORD-01075,2025-08-26,CUST-0213,Customer 213,Corporate,Latin America,Mexico,Partner,Furniture,Conference Table,4,811.86,0.15,2760.32,1506.06,1254.26,PayPal,Returned,5,10,Yes
ORD-01321,2025-08-27,CUST-0088,Customer 88,Consumer,North America,United States,Online,Accessories,USB-C Hub,3,1675.18,0.05,4774.26,3700.02,1074.24,Credit Card,Completed,6,11,Yes
ORD-00553,2025-08-27,CUST-0269,Customer 269,Corporate,Asia Pacific,Singapore,Online,Office Supplies,Premium Paper,4,1525.03,0.05,5795.11,4045.46,1749.65,Credit Card,Completed,6,8,Yes
ORD-00356,2025-08-27,CUST-0005,Customer 5,Corporate,Asia Pacific,Singapore,Retail Store,Office Supplies,Printer,9,875.04,0.05,7481.59,5270.63,2210.96,PayPal,Completed,1,5,Yes
ORD-00903,2025-08-27,CUST-0234,Customer 234,Corporate,North America,United States,Online,Technology,Tablet X,3,1791.46,0.08,4944.43,3942.34,1002.09,Bank Transfer,Completed,13,3,No
ORD-00121,2025-08-28,CUST-0076,Customer 76,Consumer,Middle East,UAE,Partner,Technology,Business Monitor,4,943.85,0.02,3699.89,1929.1,1770.79,Credit Card,Completed,13,9,No
ORD-00900,2025-08-28,CUST-0074,Customer 74,Consumer,North America,United States,Partner,Office Supplies,Office Organizer,2,1436.12,0.0,2872.24,1896.69,975.55,Credit Card,Completed,5,4,No
ORD-00079,2025-08-28,CUST-0237,Customer 237,Consumer,Europe,Germany,Online,Furniture,Executive Chair,10,1031.91,0.15,8771.24,6388.15,2383.09,Bank Transfer,Completed,12,3,No
ORD-00894,2025-08-29,CUST-0071,Customer 71,Corporate,Europe,Germany,Partner,Accessories,Mechanical Keyboard,1,1775.34,0.15,0.0,920.09,0.0,PayPal,Cancelled,13,11,No
ORD-01476,2025-08-29,CUST-0012,Customer 12,Corporate,Asia Pacific,India,Partner,Technology,Tablet X,6,1055.75,0.02,6207.81,4906.38,1301.43,PayPal,Shipped,8,10,Yes
ORD-01054,2025-08-29,CUST-0152,Customer 152,Small Business,Middle East,Saudi Arabia,Partner,Accessories,Webcam,8,1509.18,0.0,12073.44,8567.28,3506.16,PayPal,Completed,10,7,No
ORD-01286,2025-08-31,CUST-0018,Customer 18,Corporate,Asia Pacific,Singapore,Online,Accessories,Webcam,3,1011.98,0.15,2580.55,1758.11,822.44,PayPal,Shipped,13,9,No
ORD-00061,2025-08-31,CUST-0190,Customer 190,Consumer,Europe,United Kingdom,Online,Accessories,USB-C Hub,5,1170.87,0.05,5561.63,3201.73,2359.9,Bank Transfer,Returned,5,8,Yes
ORD-01354,2025-08-31,CUST-0200,Customer 200,Consumer,Middle East,Pakistan,Retail Store,Technology,Tablet X,1,376.95,0.0,0.0,208.39,0.0,Cash,Cancelled,2,11,Yes
ORD-01028,2025-08-31,CUST-0029,Customer 29,Corporate,Middle East,Pakistan,Online,Accessories,Webcam,8,297.61,0.15,2023.75,1076.01,947.74,Cash,Completed,5,8,Yes
ORD-00182,2025-08-31,CUST-0199,Customer 199,Corporate,North America,Canada,Online,Office Supplies,Ink Cartridge,9,1551.37,0.0,13962.33,10656.69,3305.64,Cash,Completed,7,3,No
ORD-01475,2025-09-01,CUST-0031,Customer 31,Corporate,Europe,United Kingdom,Retail Store,Office Supplies,Ink Cartridge,1,895.61,0.2,716.49,480.41,236.08,Cash,Completed,6,5,No
ORD-00227,2025-09-01,CUST-0286,Customer 286,Corporate,Latin America,Mexico,Retail Store,Furniture,Standing Desk,5,1432.89,0.02,7021.16,4202.81,2818.35,PayPal,Completed,11,3,No
ORD-00020,2025-09-02,CUST-0236,Customer 236,Consumer,Europe,France,Online,Technology,Tablet X,2,52.12,0.0,104.24,64.74,39.5,Cash,Completed,10,10,Yes
ORD-00039,2025-09-03,CUST-0178,Customer 178,Small Business,Asia Pacific,Singapore,Online,Technology,Business Monitor,8,415.6,0.02,3258.3,2593.22,665.08,PayPal,Completed,4,8,Yes
ORD-01142,2025-09-04,CUST-0234,Customer 234,Small Business,Europe,United Kingdom,Online,Technology,Laptop Pro 14,9,47.28,0.05,404.24,312.93,91.31,Credit Card,Completed,6,8,Yes
ORD-00188,2025-09-05,CUST-0294,Customer 294,Consumer,Asia Pacific,Australia,Online,Technology,Laptop Pro 14,10,1402.67,0.0,14026.7,9729.06,4297.64,PayPal,Completed,9,9,Yes
ORD-01061,2025-09-05,CUST-0123,Customer 123,Small Business,Latin America,Mexico,Online,Technology,Tablet X,2,226.69,0.05,430.71,316.71,114.0,PayPal,Completed,4,7,Yes
ORD-00243,2025-09-06,CUST-0068,Customer 68,Consumer,Latin America,Mexico,Retail Store,Furniture,Conference Table,9,1775.28,0.15,13580.89,10329.88,3251.01,PayPal,Completed,13,9,No
ORD-00461,2025-09-06,CUST-0071,Customer 71,Small Business,North America,United States,Retail Store,Technology,Tablet X,4,407.88,0.2,1305.22,720.05,585.17,PayPal,Completed,10,7,No
ORD-01239,2025-09-07,CUST-0171,Customer 171,Consumer,Latin America,Mexico,Online,Technology,Wireless Router,3,903.59,0.2,2168.62,1411.63,756.99,Credit Card,Completed,3,8,Yes
ORD-00714,2025-09-07,CUST-0241,Customer 241,Corporate,Europe,United Kingdom,Online,Technology,Business Monitor,3,662.67,0.05,1888.61,1519.15,369.46,PayPal,Completed,9,4,No
ORD-01259,2025-09-08,CUST-0031,Customer 31,Consumer,North America,Canada,Retail Store,Accessories,Mechanical Keyboard,10,847.47,0.15,7203.5,4636.09,2567.41,Bank Transfer,Completed,3,8,Yes
ORD-01403,2025-09-08,CUST-0045,Customer 45,Consumer,North America,United States,Online,Accessories,Webcam,10,1500.27,0.08,13802.48,10038.21,3764.27,Credit Card,Completed,1,4,Yes
ORD-01215,2025-09-08,CUST-0214,Customer 214,Consumer,Asia Pacific,Singapore,Online,Technology,Business Monitor,9,435.66,0.08,3607.26,2310.08,1297.18,PayPal,Completed,7,5,No
ORD-00690,2025-09-09,CUST-0110,Customer 110,Small Business,North America,United States,Partner,Office Supplies,Premium Paper,1,704.22,0.0,704.22,447.69,256.53,Bank Transfer,Completed,9,10,Yes
ORD-01429,2025-09-09,CUST-0279,Customer 279,Consumer,Asia Pacific,Australia,Retail Store,Technology,Wireless Router,1,1796.32,0.2,1437.06,1107.41,329.65,PayPal,Completed,11,6,No
ORD-01214,2025-09-10,CUST-0073,Customer 73,Corporate,Middle East,Pakistan,Online,Office Supplies,Office Organizer,4,1371.63,0.1,4937.87,3597.19,1340.68,Credit Card,Completed,10,5,No
ORD-01279,2025-09-13,CUST-0006,Customer 6,Small Business,North America,Canada,Retail Store,Office Supplies,Ink Cartridge,8,128.76,0.02,1009.48,631.12,378.36,PayPal,Completed,11,3,No
ORD-00960,2025-09-13,CUST-0051,Customer 51,Consumer,Middle East,Saudi Arabia,Retail Store,Furniture,Conference Table,5,244.77,0.02,1199.37,731.83,467.54,Bank Transfer,Completed,7,8,Yes
ORD-00933,2025-09-13,CUST-0136,Customer 136,Corporate,Latin America,Mexico,Online,Technology,Laptop Pro 14,7,1138.5,0.0,7969.5,4917.97,3051.53,Credit Card,Completed,11,4,No
ORD-01377,2025-09-14,CUST-0161,Customer 161,Consumer,Europe,United Kingdom,Online,Office Supplies,Premium Paper,6,481.39,0.15,2455.09,1601.72,853.37,Bank Transfer,Completed,1,11,Yes
ORD-00620,2025-09-14,CUST-0046,Customer 46,Consumer,Middle East,UAE,Online,Technology,Tablet X,4,1177.08,0.15,0.0,2170.13,0.0,Bank Transfer,Cancelled,2,5,Yes
ORD-00649,2025-09-16,CUST-0011,Customer 11,Consumer,Middle East,Pakistan,Online,Technology,Business Monitor,7,1220.63,0.05,8117.19,5204.79,2912.4,Credit Card,Completed,10,3,No
ORD-00647,2025-09-16,CUST-0130,Customer 130,Corporate,Asia Pacific,Australia,Online,Technology,Tablet X,3,1112.35,0.0,3337.05,2578.42,758.63,Cash,Completed,6,5,No
ORD-01421,2025-09-16,CUST-0015,Customer 15,Consumer,Europe,United Kingdom,Online,Office Supplies,Premium Paper,6,1761.65,0.15,8984.42,5264.69,3719.73,PayPal,Shipped,6,10,Yes
ORD-00640,2025-09-16,CUST-0260,Customer 260,Consumer,Europe,France,Retail Store,Technology,Laptop Pro 14,3,1135.96,0.15,2896.7,2195.27,701.43,PayPal,Completed,5,3,No
ORD-01230,2025-09-17,CUST-0078,Customer 78,Consumer,Europe,France,Online,Furniture,Storage Cabinet,4,1275.85,0.05,4848.23,3557.5,1290.73,PayPal,Completed,9,6,No
ORD-01105,2025-09-18,CUST-0259,Customer 259,Consumer,Latin America,Brazil,Retail Store,Furniture,Conference Table,5,1154.46,0.1,5195.07,3835.82,1359.25,Bank Transfer,Completed,9,5,No
ORD-01198,2025-09-19,CUST-0274,Customer 274,Consumer,Latin America,Brazil,Retail Store,Office Supplies,Printer,10,1156.82,0.0,11568.2,6643.84,4924.36,PayPal,Completed,10,11,Yes
ORD-00795,2025-09-19,CUST-0138,Customer 138,Consumer,North America,United States,Retail Store,Office Supplies,Office Organizer,2,1416.38,0.0,2832.76,1560.58,1272.18,Cash,Completed,5,11,Yes
ORD-01454,2025-09-19,CUST-0242,Customer 242,Consumer,Asia Pacific,India,Online,Furniture,Standing Desk,7,902.23,0.02,6189.3,3824.09,2365.21,Cash,Completed,13,3,No
ORD-01126,2025-09-19,CUST-0243,Customer 243,Corporate,Asia Pacific,India,Online,Accessories,Webcam,6,694.48,0.05,3958.54,3215.5,743.04,Bank Transfer,Completed,12,3,No
ORD-00856,2025-09-20,CUST-0033,Customer 33,Corporate,North America,Canada,Online,Furniture,Storage Cabinet,2,279.24,0.1,502.63,294.21,208.42,Credit Card,Completed,8,8,Yes
ORD-00322,2025-09-21,CUST-0179,Customer 179,Corporate,Middle East,Pakistan,Retail Store,Furniture,Executive Chair,9,1338.94,0.2,9640.37,7343.12,2297.25,Cash,Returned,14,5,No
ORD-00873,2025-09-22,CUST-0088,Customer 88,Consumer,Asia Pacific,Australia,Retail Store,Office Supplies,Office Organizer,6,576.49,0.05,3285.99,2448.08,837.91,Bank Transfer,Completed,1,10,Yes
ORD-01494,2025-09-22,CUST-0214,Customer 214,Corporate,North America,United States,Online,Furniture,Conference Table,7,1096.73,0.08,7062.94,5394.11,1668.83,Bank Transfer,Completed,11,11,Yes
ORD-00698,2025-09-22,CUST-0051,Customer 51,Consumer,Asia Pacific,Singapore,Retail Store,Technology,Laptop Pro 14,8,143.56,0.05,1091.06,603.27,487.79,PayPal,Completed,14,5,No
ORD-01176,2025-09-23,CUST-0068,Customer 68,Corporate,Asia Pacific,India,Online,Technology,Wireless Router,10,1464.5,0.02,14352.1,11457.16,2894.94,Credit Card,Completed,9,6,No
ORD-00216,2025-09-23,CUST-0077,Customer 77,Consumer,North America,Canada,Online,Office Supplies,Ink Cartridge,9,799.2,0.1,6473.52,3896.47,2577.05,PayPal,Completed,9,5,No
ORD-00954,2025-09-23,CUST-0300,Customer 300,Consumer,Latin America,Mexico,Online,Technology,Business Monitor,10,1396.06,0.1,12564.54,7948.95,4615.59,PayPal,Completed,8,8,Yes
ORD-01294,2025-09-25,CUST-0089,Customer 89,Small Business,Asia Pacific,Singapore,Online,Technology,Wireless Router,6,914.24,0.08,5046.6,3474.53,1572.07,Cash,Completed,2,5,Yes
ORD-00526,2025-09-25,CUST-0144,Customer 144,Small Business,Europe,United Kingdom,Retail Store,Furniture,Standing Desk,2,1247.43,0.05,2370.12,1761.29,608.83,Bank Transfer,Completed,9,7,No
ORD-00441,2025-09-25,CUST-0142,Customer 142,Consumer,North America,Canada,Online,Furniture,Standing Desk,3,211.38,0.08,583.41,341.1,242.31,Credit Card,Completed,5,4,No
ORD-01453,2025-09-26,CUST-0178,Customer 178,Small Business,Latin America,Brazil,Partner,Accessories,Wireless Mouse,7,445.77,0.15,2652.33,1614.73,1037.6,Cash,Completed,12,6,No
ORD-00245,2025-09-26,CUST-0050,Customer 50,Consumer,North America,Canada,Online,Office Supplies,Premium Paper,8,1556.7,0.02,12204.53,9128.98,3075.55,PayPal,Completed,9,6,No
ORD-01390,2025-09-28,CUST-0102,Customer 102,Corporate,Europe,Germany,Online,Technology,Wireless Router,5,1487.75,0.05,0.0,4906.88,0.0,Bank Transfer,Cancelled,11,11,Yes
ORD-01393,2025-09-29,CUST-0128,Customer 128,Consumer,North America,Canada,Partner,Furniture,Conference Table,7,737.39,0.0,5161.73,3827.92,1333.81,PayPal,Returned,4,7,Yes
ORD-00154,2025-09-29,CUST-0260,Customer 260,Small Business,Europe,United Kingdom,Online,Technology,Tablet X,3,1794.69,0.15,4576.46,2994.69,1581.77,Bank Transfer,Completed,2,3,Yes
ORD-01265,2025-09-29,CUST-0183,Customer 183,Consumer,North America,United States,Online,Office Supplies,Ink Cartridge,4,1011.8,0.05,3844.84,2076.01,1768.83,Bank Transfer,Completed,1,9,Yes
ORD-00022,2025-09-30,CUST-0230,Customer 230,Corporate,North America,United States,Online,Furniture,Standing Desk,5,603.47,0.05,2866.48,1548.21,1318.27,Cash,Completed,7,9,Yes
ORD-01288,2025-09-30,CUST-0043,Customer 43,Consumer,Europe,France,Online,Technology,Laptop Pro 14,8,872.18,0.08,6419.24,4384.64,2034.6,Credit Card,Completed,7,9,Yes
ORD-00824,2025-09-30,CUST-0131,Customer 131,Consumer,Europe,Germany,Online,Technology,Tablet X,2,973.96,0.05,1850.52,1481.84,368.68,Bank Transfer,Completed,4,7,Yes
ORD-00766,2025-10-01,CUST-0180,Customer 180,Consumer,Asia Pacific,India,Online,Accessories,Webcam,9,888.54,0.1,7197.17,4614.89,2582.28,Credit Card,Completed,8,10,Yes
ORD-01281,2025-10-01,CUST-0027,Customer 27,Consumer,Asia Pacific,Australia,Online,Technology,Business Monitor,2,771.1,0.08,1418.82,764.31,654.51,Cash,Shipped,6,3,No
ORD-00440,2025-10-01,CUST-0259,Customer 259,Consumer,North America,United States,Online,Office Supplies,Ink Cartridge,4,1015.04,0.1,3654.14,2650.21,1003.93,Cash,Completed,13,8,No
ORD-00604,2025-10-02,CUST-0081,Customer 81,Small Business,North America,Canada,Online,Office Supplies,Printer,9,529.09,0.05,4523.72,2721.58,1802.14,Cash,Completed,9,10,Yes
ORD-01039,2025-10-03,CUST-0106,Customer 106,Corporate,North America,Canada,Retail Store,Accessories,Mechanical Keyboard,9,1105.31,0.0,9947.79,5520.66,4427.13,Bank Transfer,Completed,2,7,Yes
ORD-00179,2025-10-04,CUST-0160,Customer 160,Corporate,Latin America,Mexico,Online,Furniture,Standing Desk,6,590.99,0.08,3262.26,2437.23,825.03,PayPal,Completed,13,4,No
ORD-01370,2025-10-05,CUST-0075,Customer 75,Consumer,North America,United States,Online,Office Supplies,Printer,1,505.73,0.1,455.16,335.78,119.38,Credit Card,Completed,14,11,No
ORD-00568,2025-10-06,CUST-0236,Customer 236,Consumer,Europe,France,Online,Accessories,Wireless Mouse,2,454.22,0.05,863.02,685.22,177.8,Cash,Completed,2,4,Yes
ORD-01471,2025-10-06,CUST-0216,Customer 216,Consumer,Asia Pacific,India,Retail Store,Technology,Laptop Pro 14,9,802.08,0.0,7218.72,4698.57,2520.15,Bank Transfer,Shipped,2,7,Yes
ORD-01151,2025-10-07,CUST-0112,Customer 112,Consumer,Asia Pacific,India,Online,Technology,Tablet X,5,303.54,0.1,1365.93,711.72,654.21,Cash,Completed,6,4,No
ORD-00771,2025-10-08,CUST-0095,Customer 95,Consumer,North America,Canada,Online,Technology,Laptop Pro 14,7,1221.54,0.08,7866.72,5060.76,2805.96,Bank Transfer,Completed,10,8,No
ORD-00454,2025-10-08,CUST-0062,Customer 62,Consumer,Latin America,Brazil,Online,Technology,Business Monitor,4,631.06,0.15,2145.6,1702.79,442.81,Bank Transfer,Completed,10,5,No
ORD-00261,2025-10-08,CUST-0294,Customer 294,Corporate,Asia Pacific,Australia,Online,Accessories,Wireless Mouse,2,1009.67,0.2,1615.47,1008.54,606.93,Cash,Shipped,2,9,Yes
ORD-01309,2025-10-10,CUST-0080,Customer 80,Small Business,Europe,United Kingdom,Online,Accessories,Webcam,3,698.57,0.02,2053.8,1183.28,870.52,Credit Card,Completed,10,3,No
ORD-01394,2025-10-11,CUST-0250,Customer 250,Corporate,Asia Pacific,Singapore,Online,Technology,Business Monitor,5,582.41,0.0,2912.05,2351.88,560.17,PayPal,Completed,14,6,No
ORD-00722,2025-10-11,CUST-0100,Customer 100,Consumer,North America,Canada,Retail Store,Technology,Laptop Pro 14,7,913.54,0.1,5755.3,4193.56,1561.74,PayPal,Completed,4,11,Yes
ORD-00901,2025-10-11,CUST-0090,Customer 90,Consumer,North America,Canada,Online,Accessories,Wireless Mouse,10,855.46,0.05,8126.87,5248.47,2878.4,Credit Card,Completed,2,4,Yes
ORD-00301,2025-10-11,CUST-0137,Customer 137,Consumer,North America,Canada,Partner,Accessories,USB-C Hub,4,387.78,0.1,1396.01,1011.19,384.82,Credit Card,Completed,2,10,Yes
ORD-00349,2025-10-12,CUST-0130,Customer 130,Corporate,Europe,Germany,Retail Store,Furniture,Storage Cabinet,3,505.16,0.15,1288.16,857.37,430.79,PayPal,Completed,13,4,No
ORD-00252,2025-10-12,CUST-0285,Customer 285,Consumer,Europe,Germany,Online,Office Supplies,Premium Paper,9,768.86,0.1,6227.77,3741.69,2486.08,Bank Transfer,Completed,1,11,Yes
ORD-00492,2025-10-12,CUST-0175,Customer 175,Corporate,Asia Pacific,Australia,Online,Furniture,Conference Table,9,972.8,0.0,8755.2,6734.28,2020.92,Cash,Shipped,14,10,No
ORD-00135,2025-10-13,CUST-0241,Customer 241,Consumer,Latin America,Mexico,Retail Store,Accessories,Webcam,8,1057.88,0.02,8293.78,6749.27,1544.51,PayPal,Completed,2,4,Yes
ORD-01347,2025-10-13,CUST-0290,Customer 290,Corporate,Europe,France,Partner,Office Supplies,Printer,5,1314.79,0.15,5587.86,4551.73,1036.13,Cash,Completed,13,5,No
ORD-00657,2025-10-13,CUST-0255,Customer 255,Consumer,Europe,France,Online,Technology,Laptop Pro 14,8,1682.47,0.0,13459.76,9636.94,3822.82,Cash,Shipped,2,4,Yes
ORD-00339,2025-10-14,CUST-0003,Customer 3,Corporate,Europe,Germany,Retail Store,Technology,Wireless Router,8,745.18,0.1,5365.3,4372.53,992.77,Credit Card,Completed,7,5,No
ORD-00689,2025-10-14,CUST-0186,Customer 186,Consumer,Middle East,Pakistan,Partner,Technology,Business Monitor,10,977.56,0.1,8798.04,6956.24,1841.8,PayPal,Completed,5,5,Yes
ORD-01469,2025-10-15,CUST-0135,Customer 135,Corporate,Latin America,Mexico,Online,Technology,Business Monitor,10,1278.96,0.08,11766.43,8516.81,3249.62,Credit Card,Completed,8,3,No
ORD-00616,2025-10-16,CUST-0036,Customer 36,Consumer,Latin America,Brazil,Partner,Furniture,Storage Cabinet,8,919.88,0.08,6770.32,5154.37,1615.95,Cash,Completed,5,5,Yes
ORD-00559,2025-10-16,CUST-0036,Customer 36,Consumer,Middle East,Saudi Arabia,Partner,Furniture,Executive Chair,7,547.98,0.1,3452.27,2377.53,1074.74,Credit Card,Returned,12,8,No
ORD-01253,2025-10-17,CUST-0279,Customer 279,Consumer,North America,Canada,Online,Technology,Tablet X,4,1529.57,0.05,5812.37,4007.37,1805.0,Cash,Completed,12,10,No
ORD-00151,2025-10-18,CUST-0156,Customer 156,Consumer,Latin America,Mexico,Online,Technology,Tablet X,3,709.16,0.1,0.0,1030.38,0.0,PayPal,Cancelled,3,9,Yes
ORD-01330,2025-10-18,CUST-0222,Customer 222,Corporate,Europe,United Kingdom,Online,Technology,Business Monitor,8,316.75,0.0,0.0,1701.26,0.0,Credit Card,Cancelled,7,9,Yes
ORD-00306,2025-10-19,CUST-0078,Customer 78,Consumer,Latin America,Mexico,Retail Store,Technology,Laptop Pro 14,3,792.75,0.05,2259.34,1363.23,896.11,Bank Transfer,Returned,6,3,No
ORD-00228,2025-10-19,CUST-0007,Customer 7,Consumer,Europe,Germany,Partner,Office Supplies,Ink Cartridge,6,607.41,0.08,3352.9,2728.71,624.19,PayPal,Completed,4,5,Yes
ORD-01020,2025-10-19,CUST-0288,Customer 288,Small Business,North America,Canada,Online,Furniture,Conference Table,8,1322.76,0.1,9523.87,6023.96,3499.91,Bank Transfer,Completed,8,6,No
ORD-01483,2025-10-19,CUST-0058,Customer 58,Consumer,Asia Pacific,Australia,Partner,Technology,Tablet X,5,700.32,0.05,3326.52,2725.13,601.39,PayPal,Completed,9,10,Yes
ORD-00734,2025-10-23,CUST-0198,Customer 198,Corporate,Asia Pacific,India,Partner,Technology,Wireless Router,8,397.47,0.02,3116.16,2430.2,685.96,Credit Card,Shipped,12,10,No
ORD-00163,2025-10-24,CUST-0135,Customer 135,Corporate,Asia Pacific,India,Online,Technology,Laptop Pro 14,9,1528.4,0.0,13755.6,10665.1,3090.5,Cash,Shipped,14,5,No
ORD-00692,2025-10-25,CUST-0163,Customer 163,Consumer,Europe,Germany,Online,Office Supplies,Premium Paper,9,1130.77,0.0,10176.93,7504.84,2672.09,Credit Card,Returned,7,6,No
ORD-01183,2025-10-25,CUST-0244,Customer 244,Consumer,Asia Pacific,Australia,Online,Accessories,Wireless Mouse,2,1403.21,0.1,2525.78,1338.02,1187.76,PayPal,Completed,13,10,No
ORD-00586,2025-10-25,CUST-0151,Customer 151,Corporate,North America,United States,Partner,Technology,Tablet X,7,1241.73,0.05,8257.5,4720.53,3536.97,Cash,Completed,6,8,Yes
ORD-00623,2025-10-26,CUST-0146,Customer 146,Corporate,Europe,France,Online,Technology,Tablet X,3,789.88,0.08,2180.07,1488.18,691.89,Cash,Completed,3,3,Yes
ORD-00084,2025-10-26,CUST-0036,Customer 36,Consumer,North America,Canada,Online,Office Supplies,Ink Cartridge,1,1110.23,0.0,1110.23,747.52,362.71,PayPal,Returned,10,4,No
ORD-01312,2025-10-27,CUST-0058,Customer 58,Consumer,Latin America,Mexico,Partner,Furniture,Conference Table,1,1533.72,0.0,1533.72,905.96,627.76,PayPal,Completed,8,3,No
ORD-00495,2025-10-27,CUST-0248,Customer 248,Small Business,Europe,United Kingdom,Online,Accessories,Webcam,6,1061.11,0.05,6048.33,4670.92,1377.41,Bank Transfer,Completed,13,9,No
ORD-00333,2025-10-28,CUST-0129,Customer 129,Small Business,North America,United States,Online,Accessories,Webcam,1,1247.47,0.08,1147.67,796.94,350.73,Cash,Completed,11,3,No
ORD-00098,2025-10-29,CUST-0219,Customer 219,Consumer,Europe,United Kingdom,Retail Store,Accessories,USB-C Hub,9,520.34,0.1,4214.75,2681.2,1533.55,PayPal,Completed,6,10,Yes
ORD-00920,2025-10-29,CUST-0173,Customer 173,Small Business,North America,United States,Online,Office Supplies,Premium Paper,4,942.26,0.0,3769.04,2427.61,1341.43,PayPal,Shipped,10,9,No
ORD-01498,2025-10-29,CUST-0203,Customer 203,Corporate,Europe,France,Online,Office Supplies,Premium Paper,5,923.2,0.05,4385.2,2303.41,2081.79,Credit Card,Completed,9,6,No
ORD-01308,2025-10-29,CUST-0175,Customer 175,Corporate,Middle East,UAE,Online,Technology,Laptop Pro 14,10,719.64,0.05,6836.58,3783.92,3052.66,Credit Card,Completed,2,9,Yes
ORD-01455,2025-10-30,CUST-0041,Customer 41,Consumer,North America,Canada,Retail Store,Technology,Wireless Router,5,1574.9,0.0,7874.5,6364.76,1509.74,Credit Card,Shipped,9,3,No
ORD-00083,2025-10-30,CUST-0296,Customer 296,Small Business,Europe,France,Online,Technology,Laptop Pro 14,3,1537.87,0.05,4382.93,3533.54,849.39,Cash,Completed,2,11,Yes
ORD-00966,2025-10-30,CUST-0038,Customer 38,Small Business,Europe,United Kingdom,Retail Store,Technology,Tablet X,8,1551.11,0.05,11788.44,9150.19,2638.25,Cash,Completed,3,5,Yes
ORD-00091,2025-10-31,CUST-0016,Customer 16,Consumer,North America,United States,Online,Technology,Business Monitor,1,1202.59,0.05,1142.46,749.34,393.12,PayPal,Completed,12,8,No
ORD-00775,2025-10-31,CUST-0128,Customer 128,Corporate,Middle East,Saudi Arabia,Online,Technology,Laptop Pro 14,10,389.09,0.15,3307.26,2629.65,677.61,Credit Card,Completed,6,10,Yes
ORD-01128,2025-11-01,CUST-0160,Customer 160,Small Business,Europe,United Kingdom,Retail Store,Accessories,USB-C Hub,2,345.91,0.08,636.47,511.91,124.56,Credit Card,Completed,2,5,Yes
ORD-01241,2025-11-01,CUST-0290,Customer 290,Corporate,Latin America,Brazil,Online,Accessories,USB-C Hub,4,338.04,0.1,0.0,823.41,0.0,PayPal,Cancelled,3,11,Yes
ORD-00420,2025-11-01,CUST-0169,Customer 169,Corporate,Middle East,UAE,Retail Store,Accessories,USB-C Hub,9,1709.46,0.02,0.0,9000.11,0.0,PayPal,Cancelled,10,11,Yes
ORD-00483,2025-11-01,CUST-0094,Customer 94,Consumer,Europe,France,Online,Technology,Wireless Router,1,322.08,0.0,0.0,242.23,0.0,Bank Transfer,Cancelled,4,9,Yes
ORD-01486,2025-11-02,CUST-0049,Customer 49,Consumer,Europe,Germany,Online,Accessories,Wireless Mouse,7,1588.43,0.15,9451.16,5644.45,3806.71,Bank Transfer,Completed,13,11,No
ORD-01153,2025-11-02,CUST-0214,Customer 214,Small Business,Asia Pacific,Singapore,Partner,Office Supplies,Ink Cartridge,3,1610.78,0.1,4349.11,2523.59,1825.52,Credit Card,Completed,7,10,Yes
ORD-01003,2025-11-02,CUST-0291,Customer 291,Consumer,Latin America,Brazil,Partner,Technology,Laptop Pro 14,7,692.01,0.05,4601.87,3312.85,1289.02,Credit Card,Completed,4,11,Yes
ORD-01022,2025-11-03,CUST-0200,Customer 200,Corporate,Europe,France,Online,Furniture,Conference Table,9,1301.85,0.1,0.0,7045.52,0.0,Credit Card,Cancelled,10,9,No
ORD-00221,2025-11-03,CUST-0254,Customer 254,Consumer,Asia Pacific,India,Online,Accessories,Wireless Mouse,4,1574.27,0.1,5667.37,3264.14,2403.23,Credit Card,Completed,9,4,No
ORD-00642,2025-11-03,CUST-0141,Customer 141,Consumer,Europe,United Kingdom,Online,Technology,Wireless Router,1,863.55,0.08,794.47,524.69,269.78,Cash,Returned,5,8,Yes
ORD-01204,2025-11-04,CUST-0094,Customer 94,Consumer,Europe,United Kingdom,Online,Technology,Business Monitor,6,135.32,0.08,746.97,576.52,170.45,PayPal,Completed,3,8,Yes
ORD-00674,2025-11-05,CUST-0128,Customer 128,Consumer,Asia Pacific,Singapore,Online,Office Supplies,Premium Paper,5,864.99,0.05,0.0,2929.01,0.0,PayPal,Cancelled,2,6,Yes
ORD-00270,2025-11-05,CUST-0115,Customer 115,Small Business,Europe,Germany,Partner,Furniture,Storage Cabinet,3,1330.37,0.02,3911.29,2589.8,1321.49,PayPal,Completed,3,3,Yes
ORD-01481,2025-11-06,CUST-0046,Customer 46,Corporate,Middle East,UAE,Retail Store,Furniture,Storage Cabinet,8,162.7,0.0,0.0,959.79,0.0,Credit Card,Cancelled,6,7,Yes
ORD-01496,2025-11-06,CUST-0224,Customer 224,Corporate,Asia Pacific,Singapore,Online,Technology,Tablet X,3,679.27,0.2,1630.25,1264.78,365.47,PayPal,Completed,11,5,No
ORD-00724,2025-11-06,CUST-0054,Customer 54,Corporate,Middle East,Saudi Arabia,Partner,Furniture,Standing Desk,5,461.96,0.1,2078.82,1425.37,653.45,Bank Transfer,Completed,14,4,No
ORD-00854,2025-11-07,CUST-0280,Customer 280,Consumer,Latin America,Brazil,Online,Technology,Business Monitor,8,363.58,0.02,2850.47,1969.42,881.05,PayPal,Completed,4,7,Yes
ORD-00820,2025-11-08,CUST-0239,Customer 239,Corporate,Europe,United Kingdom,Online,Office Supplies,Office Organizer,10,788.49,0.0,7884.9,5808.39,2076.51,Credit Card,Completed,8,10,Yes
ORD-00185,2025-11-08,CUST-0095,Customer 95,Consumer,North America,Canada,Retail Store,Furniture,Executive Chair,8,390.07,0.2,2496.45,1720.88,775.57,Bank Transfer,Completed,8,11,Yes
ORD-00767,2025-11-08,CUST-0047,Customer 47,Consumer,Middle East,Pakistan,Partner,Technology,Laptop Pro 14,7,919.35,0.15,5470.13,3957.67,1512.46,PayPal,Completed,14,9,No
ORD-00539,2025-11-09,CUST-0088,Customer 88,Consumer,Europe,Germany,Online,Technology,Tablet X,7,229.85,0.15,0.0,1109.97,0.0,Credit Card,Cancelled,14,3,No
ORD-00117,2025-11-09,CUST-0107,Customer 107,Consumer,Middle East,Saudi Arabia,Online,Office Supplies,Office Organizer,4,394.56,0.0,1578.24,894.35,683.89,PayPal,Completed,1,3,Yes
ORD-01373,2025-11-10,CUST-0121,Customer 121,Consumer,Latin America,Mexico,Retail Store,Furniture,Executive Chair,9,1424.63,0.0,12821.67,7320.32,5501.35,Bank Transfer,Completed,4,6,Yes
ORD-00825,2025-11-11,CUST-0221,Customer 221,Consumer,Asia Pacific,Australia,Online,Accessories,Mechanical Keyboard,3,1462.95,0.15,3730.52,2093.16,1637.36,PayPal,Completed,12,4,No
ORD-00658,2025-11-11,CUST-0126,Customer 126,Small Business,Europe,Germany,Online,Technology,Wireless Router,9,675.93,0.05,0.0,3098.28,0.0,Cash,Cancelled,10,4,No
ORD-01188,2025-11-13,CUST-0281,Customer 281,Corporate,North America,United States,Retail Store,Technology,Wireless Router,10,1064.34,0.15,9046.89,5231.8,3815.09,PayPal,Completed,12,11,No
ORD-00574,2025-11-13,CUST-0217,Customer 217,Consumer,Asia Pacific,India,Retail Store,Office Supplies,Printer,4,605.44,0.02,2373.32,1728.94,644.38,Cash,Completed,8,9,Yes
ORD-01500,2025-11-15,CUST-0059,Customer 59,Corporate,Latin America,Brazil,Online,Office Supplies,Office Organizer,10,1795.61,0.1,16160.49,10623.47,5537.02,Credit Card,Completed,12,6,No
ORD-00892,2025-11-15,CUST-0189,Customer 189,Small Business,Latin America,Brazil,Retail Store,Office Supplies,Printer,6,1154.11,0.08,6370.69,4512.29,1858.4,Bank Transfer,Returned,1,10,Yes
ORD-00535,2025-11-15,CUST-0104,Customer 104,Small Business,Middle East,Pakistan,Online,Technology,Wireless Router,9,932.34,0.02,8223.24,6691.84,1531.4,Credit Card,Completed,8,9,Yes
ORD-00618,2025-11-16,CUST-0296,Customer 296,Small Business,North America,Canada,Partner,Technology,Wireless Router,3,650.06,0.1,1755.16,1089.56,665.6,Cash,Completed,10,11,Yes
ORD-00621,2025-11-17,CUST-0107,Customer 107,Consumer,North America,United States,Partner,Office Supplies,Printer,8,854.44,0.05,6493.74,5309.62,1184.12,PayPal,Completed,8,8,Yes
ORD-00047,2025-11-18,CUST-0293,Customer 293,Corporate,Europe,Germany,Partner,Technology,Tablet X,10,102.43,0.05,973.09,573.42,399.67,PayPal,Completed,13,3,No
ORD-01125,2025-11-18,CUST-0046,Customer 46,Consumer,Asia Pacific,Singapore,Partner,Technology,Wireless Router,9,418.25,0.2,3011.4,1604.97,1406.43,Cash,Completed,14,3,No
ORD-00813,2025-11-21,CUST-0115,Customer 115,Consumer,North America,Canada,Retail Store,Furniture,Storage Cabinet,6,561.05,0.08,3097.0,1771.1,1325.9,Bank Transfer,Returned,2,9,Yes
ORD-00713,2025-11-21,CUST-0130,Customer 130,Corporate,Europe,United Kingdom,Online,Technology,Wireless Router,10,752.59,0.08,6923.83,5189.54,1734.29,Cash,Completed,4,6,Yes
ORD-01385,2025-11-21,CUST-0149,Customer 149,Consumer,Asia Pacific,Australia,Retail Store,Technology,Business Monitor,8,183.26,0.05,1392.78,802.14,590.64,Bank Transfer,Completed,10,9,No
ORD-01416,2025-11-21,CUST-0163,Customer 163,Corporate,Latin America,Mexico,Partner,Office Supplies,Printer,2,956.99,0.1,1722.58,1170.93,551.65,Bank Transfer,Completed,14,11,No
ORD-00855,2025-11-22,CUST-0203,Customer 203,Consumer,North America,Canada,Online,Technology,Laptop Pro 14,1,256.79,0.05,243.95,149.25,94.7,Bank Transfer,Completed,12,8,No
ORD-00372,2025-11-22,CUST-0218,Customer 218,Small Business,North America,United States,Retail Store,Furniture,Executive Chair,6,898.43,0.15,4581.99,2428.24,2153.75,PayPal,Returned,7,3,No
ORD-01317,2025-11-22,CUST-0236,Customer 236,Consumer,Asia Pacific,Australia,Retail Store,Technology,Business Monitor,8,566.66,0.08,4170.62,2623.94,1546.68,Cash,Completed,2,6,Yes
ORD-00021,2025-11-22,CUST-0274,Customer 274,Small Business,Asia Pacific,India,Retail Store,Technology,Tablet X,10,282.18,0.1,2539.62,1545.98,993.64,Bank Transfer,Completed,3,9,Yes
ORD-00166,2025-11-24,CUST-0264,Customer 264,Small Business,Middle East,Saudi Arabia,Retail Store,Technology,Wireless Router,7,291.43,0.0,2040.01,1442.39,597.62,PayPal,Completed,14,6,No
ORD-00088,2025-11-24,CUST-0252,Customer 252,Consumer,Asia Pacific,India,Partner,Office Supplies,Office Organizer,8,830.2,0.2,5313.28,3256.66,2056.62,Credit Card,Completed,5,5,Yes
ORD-00479,2025-11-24,CUST-0203,Customer 203,Small Business,Latin America,Mexico,Retail Store,Technology,Tablet X,10,390.92,0.1,3518.28,2174.85,1343.43,PayPal,Completed,14,3,No
ORD-00416,2025-11-25,CUST-0053,Customer 53,Consumer,Europe,United Kingdom,Retail Store,Office Supplies,Premium Paper,3,938.72,0.1,2534.54,1642.98,891.56,Bank Transfer,Completed,5,7,Yes
ORD-00850,2025-11-25,CUST-0084,Customer 84,Corporate,Asia Pacific,Singapore,Online,Office Supplies,Ink Cartridge,10,279.06,0.05,2651.07,1933.88,717.19,PayPal,Completed,14,3,No
ORD-00379,2025-11-25,CUST-0181,Customer 181,Consumer,Middle East,Pakistan,Partner,Technology,Laptop Pro 14,4,571.83,0.08,2104.33,1432.04,672.29,Cash,Completed,14,6,No
ORD-00833,2025-11-26,CUST-0173,Customer 173,Corporate,North America,Canada,Partner,Technology,Wireless Router,7,830.84,0.02,0.0,4326.98,0.0,Bank Transfer,Cancelled,10,6,No
ORD-00741,2025-11-26,CUST-0180,Customer 180,Corporate,Europe,Germany,Partner,Accessories,Mechanical Keyboard,5,1553.34,0.15,6601.7,4718.72,1882.98,Credit Card,Completed,8,11,Yes
ORD-01229,2025-11-27,CUST-0247,Customer 247,Corporate,Latin America,Mexico,Online,Furniture,Executive Chair,9,631.14,0.1,5112.23,3845.82,1266.41,Credit Card,Completed,12,11,No
ORD-00206,2025-11-27,CUST-0010,Customer 10,Consumer,North America,United States,Online,Technology,Laptop Pro 14,2,631.52,0.05,1199.89,833.05,366.84,Credit Card,Completed,2,8,Yes
ORD-00720,2025-11-27,CUST-0052,Customer 52,Consumer,Middle East,UAE,Online,Technology,Business Monitor,8,499.06,0.05,3792.86,2057.99,1734.87,Credit Card,Completed,7,8,Yes
ORD-00442,2025-11-28,CUST-0258,Customer 258,Small Business,Latin America,Brazil,Online,Accessories,USB-C Hub,6,1455.86,0.15,7424.89,4795.71,2629.18,Credit Card,Completed,5,5,Yes
ORD-00116,2025-11-28,CUST-0101,Customer 101,Small Business,Latin America,Brazil,Partner,Technology,Tablet X,9,480.1,0.02,4234.48,2329.52,1904.96,PayPal,Shipped,6,6,Yes
ORD-01074,2025-11-28,CUST-0276,Customer 276,Consumer,North America,Canada,Partner,Accessories,USB-C Hub,9,937.69,0.0,8439.21,6627.66,1811.55,PayPal,Completed,4,10,Yes
ORD-01318,2025-11-28,CUST-0076,Customer 76,Small Business,Middle East,Saudi Arabia,Retail Store,Office Supplies,Premium Paper,5,67.78,0.1,305.01,165.26,139.75,Bank Transfer,Shipped,2,4,Yes
ORD-00879,2025-11-30,CUST-0162,Customer 162,Consumer,North America,United States,Online,Furniture,Executive Chair,9,1391.35,0.15,10643.83,5708.53,4935.3,PayPal,Shipped,11,7,No
ORD-01100,2025-11-30,CUST-0082,Customer 82,Consumer,Europe,France,Partner,Technology,Wireless Router,4,817.34,0.1,2942.42,2397.13,545.29,Cash,Completed,14,6,No
ORD-00929,2025-11-30,CUST-0090,Customer 90,Consumer,Asia Pacific,Australia,Retail Store,Furniture,Conference Table,6,1227.81,0.0,7366.86,3947.51,3419.35,Bank Transfer,Completed,6,5,No
ORD-01262,2025-11-30,CUST-0291,Customer 291,Corporate,Middle East,Saudi Arabia,Online,Technology,Wireless Router,3,245.44,0.08,677.41,542.84,134.57,PayPal,Completed,4,7,Yes
ORD-00987,2025-11-30,CUST-0079,Customer 79,Small Business,Asia Pacific,Australia,Retail Store,Office Supplies,Office Organizer,9,955.62,0.05,8170.55,6601.42,1569.13,Credit Card,Shipped,10,8,No
ORD-01335,2025-12-02,CUST-0228,Customer 228,Consumer,Latin America,Mexico,Retail Store,Office Supplies,Premium Paper,2,1145.81,0.08,2108.29,1637.3,470.99,Credit Card,Completed,8,6,No
ORD-00661,2025-12-03,CUST-0086,Customer 86,Corporate,Europe,United Kingdom,Online,Technology,Business Monitor,3,813.11,0.15,2073.43,1439.07,634.36,Cash,Completed,12,8,No
ORD-00969,2025-12-03,CUST-0243,Customer 243,Consumer,Asia Pacific,Australia,Retail Store,Furniture,Storage Cabinet,4,1288.58,0.15,4381.17,2474.88,1906.29,Credit Card,Returned,7,5,No
ORD-00843,2025-12-05,CUST-0050,Customer 50,Consumer,North America,United States,Online,Furniture,Executive Chair,5,514.83,0.08,2368.22,1759.9,608.32,PayPal,Completed,4,3,No
ORD-00149,2025-12-05,CUST-0150,Customer 150,Corporate,North America,United States,Online,Technology,Tablet X,5,574.34,0.05,2728.12,2215.98,512.14,Cash,Shipped,4,8,Yes
ORD-00231,2025-12-05,CUST-0147,Customer 147,Consumer,Middle East,UAE,Online,Furniture,Standing Desk,3,549.13,0.02,1614.44,1250.01,364.43,Cash,Completed,2,9,Yes
ORD-00090,2025-12-07,CUST-0234,Customer 234,Corporate,Europe,United Kingdom,Partner,Technology,Laptop Pro 14,7,1017.77,0.02,6981.9,4778.66,2203.24,PayPal,Completed,5,3,No
ORD-00049,2025-12-08,CUST-0201,Customer 201,Small Business,Asia Pacific,Australia,Online,Technology,Tablet X,3,1496.5,0.05,4265.02,3470.98,794.04,Bank Transfer,Completed,10,5,No
ORD-00234,2025-12-08,CUST-0243,Customer 243,Consumer,Europe,United Kingdom,Online,Furniture,Conference Table,2,427.98,0.1,770.36,499.17,271.19,Cash,Completed,6,10,Yes
ORD-00366,2025-12-08,CUST-0224,Customer 224,Consumer,Europe,United Kingdom,Partner,Office Supplies,Ink Cartridge,3,625.81,0.02,1839.88,1013.5,826.38,Credit Card,Completed,1,5,Yes
ORD-01366,2025-12-09,CUST-0047,Customer 47,Consumer,North America,United States,Online,Office Supplies,Office Organizer,4,998.86,0.05,0.0,2241.26,0.0,Bank Transfer,Cancelled,2,11,Yes
ORD-00140,2025-12-09,CUST-0021,Customer 21,Consumer,Latin America,Mexico,Online,Furniture,Standing Desk,2,482.35,0.08,887.52,517.61,369.91,Cash,Completed,10,5,No
ORD-00213,2025-12-10,CUST-0161,Customer 161,Consumer,Asia Pacific,India,Online,Furniture,Standing Desk,5,1764.55,0.15,7499.34,5173.46,2325.88,PayPal,Completed,7,10,Yes
ORD-01275,2025-12-10,CUST-0044,Customer 44,Corporate,Europe,France,Online,Technology,Wireless Router,7,725.78,0.1,4572.41,3422.86,1149.55,Cash,Completed,6,10,Yes
ORD-01434,2025-12-10,CUST-0162,Customer 162,Consumer,Asia Pacific,Singapore,Online,Office Supplies,Premium Paper,3,1638.08,0.0,4914.24,3929.28,984.96,PayPal,Completed,4,7,Yes
ORD-00944,2025-12-11,CUST-0231,Customer 231,Consumer,Middle East,UAE,Online,Office Supplies,Printer,3,678.18,0.05,0.0,1252.63,0.0,Bank Transfer,Cancelled,4,3,No
ORD-00680,2025-12-11,CUST-0110,Customer 110,Consumer,Latin America,Brazil,Partner,Furniture,Storage Cabinet,8,1173.92,0.2,7513.09,5288.74,2224.35,Credit Card,Completed,12,4,No
ORD-00681,2025-12-12,CUST-0033,Customer 33,Consumer,Middle East,Saudi Arabia,Online,Accessories,USB-C Hub,8,1494.17,0.05,11355.69,7713.93,3641.76,Cash,Shipped,13,7,No
ORD-00505,2025-12-13,CUST-0184,Customer 184,Consumer,Asia Pacific,Australia,Online,Technology,Laptop Pro 14,4,560.93,0.15,1907.16,1507.15,400.01,Cash,Returned,10,9,No
ORD-00956,2025-12-14,CUST-0230,Customer 230,Small Business,Europe,France,Online,Furniture,Conference Table,10,757.49,0.1,6817.41,4265.94,2551.47,PayPal,Completed,12,11,No
ORD-00922,2025-12-14,CUST-0250,Customer 250,Small Business,Europe,Germany,Retail Store,Furniture,Executive Chair,9,1668.95,0.05,14269.52,10946.71,3322.81,PayPal,Shipped,9,6,No
ORD-01070,2025-12-14,CUST-0252,Customer 252,Consumer,Europe,United Kingdom,Partner,Technology,Tablet X,7,545.71,0.05,3628.97,2175.94,1453.03,Credit Card,Completed,14,5,No
ORD-01079,2025-12-15,CUST-0080,Customer 80,Small Business,North America,Canada,Online,Office Supplies,Ink Cartridge,9,478.56,0.05,4091.69,2486.52,1605.17,Credit Card,Returned,6,6,Yes
ORD-01143,2025-12-15,CUST-0016,Customer 16,Small Business,Asia Pacific,India,Online,Technology,Laptop Pro 14,4,458.82,0.0,1835.28,1251.7,583.58,Credit Card,Completed,3,5,Yes
ORD-00730,2025-12-15,CUST-0085,Customer 85,Consumer,North America,Canada,Retail Store,Furniture,Standing Desk,1,1188.78,0.1,1069.9,819.76,250.14,PayPal,Shipped,9,8,No
ORD-00948,2025-12-15,CUST-0297,Customer 297,Corporate,Latin America,Mexico,Online,Technology,Laptop Pro 14,4,1232.58,0.02,4831.71,2722.17,2109.54,Bank Transfer,Completed,14,8,No
ORD-00118,2025-12-17,CUST-0291,Customer 291,Corporate,North America,United States,Online,Furniture,Storage Cabinet,2,635.78,0.02,1246.13,1006.88,239.25,Cash,Completed,5,5,Yes
ORD-01419,2025-12-18,CUST-0127,Customer 127,Consumer,Europe,France,Online,Office Supplies,Office Organizer,8,1230.24,0.02,9645.08,5019.3,4625.78,Bank Transfer,Completed,2,9,Yes
ORD-00351,2025-12-21,CUST-0217,Customer 217,Consumer,Europe,France,Online,Furniture,Standing Desk,8,1671.8,0.05,12705.68,8457.52,4248.16,Bank Transfer,Returned,1,11,Yes
ORD-01450,2025-12-21,CUST-0107,Customer 107,Consumer,Asia Pacific,Australia,Retail Store,Office Supplies,Ink Cartridge,8,387.52,0.1,2790.14,2002.59,787.55,PayPal,Completed,11,10,No
ORD-01380,2025-12-21,CUST-0263,Customer 263,Corporate,Asia Pacific,India,Online,Office Supplies,Printer,6,1685.66,0.05,9608.26,5605.85,4002.41,Credit Card,Completed,1,10,Yes
ORD-00810,2025-12-21,CUST-0240,Customer 240,Small Business,North America,Canada,Online,Technology,Business Monitor,6,1012.71,0.08,5590.16,3781.08,1809.08,Bank Transfer,Completed,5,3,No
ORD-00204,2025-12-23,CUST-0110,Customer 110,Corporate,Latin America,Mexico,Partner,Technology,Tablet X,1,1310.41,0.0,1310.41,690.83,619.58,Bank Transfer,Returned,12,4,No
ORD-00001,2025-12-23,CUST-0146,Customer 146,Corporate,Europe,Germany,Online,Technology,Wireless Router,5,233.57,0.05,1109.46,888.71,220.75,Credit Card,Completed,7,4,No
ORD-01467,2025-12-23,CUST-0073,Customer 73,Small Business,Latin America,Mexico,Retail Store,Furniture,Standing Desk,5,1033.36,0.08,4753.46,2535.04,2218.42,PayPal,Completed,13,4,No
ORD-01088,2025-12-23,CUST-0243,Customer 243,Consumer,North America,United States,Retail Store,Technology,Tablet X,4,889.73,0.08,3274.21,2511.82,762.39,Credit Card,Completed,2,3,Yes
ORD-01093,2025-12-23,CUST-0277,Customer 277,Small Business,Asia Pacific,Australia,Online,Accessories,Mechanical Keyboard,8,228.49,0.08,0.0,1243.05,0.0,Credit Card,Cancelled,13,9,No
ORD-00651,2025-12-23,CUST-0081,Customer 81,Consumer,North America,Canada,Online,Office Supplies,Printer,6,848.11,0.08,4681.57,3265.4,1416.17,PayPal,Completed,11,4,No
ORD-00790,2025-12-23,CUST-0249,Customer 249,Consumer,Latin America,Mexico,Retail Store,Technology,Laptop Pro 14,10,574.11,0.05,5454.04,3565.61,1888.43,Credit Card,Completed,2,5,Yes
ORD-01407,2025-12-23,CUST-0240,Customer 240,Corporate,Middle East,Saudi Arabia,Online,Technology,Laptop Pro 14,2,696.4,0.08,1281.38,691.18,590.2,PayPal,Returned,2,5,Yes
ORD-00962,2025-12-24,CUST-0238,Customer 238,Small Business,Asia Pacific,Singapore,Online,Furniture,Storage Cabinet,6,1605.88,0.05,9153.52,7283.05,1870.47,Cash,Completed,8,7,No
ORD-01029,2025-12-25,CUST-0165,Customer 165,Consumer,Europe,United Kingdom,Online,Office Supplies,Office Organizer,5,1020.55,0.05,4847.61,3753.68,1093.93,PayPal,Shipped,14,9,No
ORD-00323,2025-12-25,CUST-0293,Customer 293,Corporate,Asia Pacific,Singapore,Partner,Office Supplies,Ink Cartridge,10,1729.25,0.05,16427.88,9339.0,7088.88,Bank Transfer,Completed,8,6,No
ORD-00038,2025-12-26,CUST-0297,Customer 297,Corporate,North America,United States,Online,Office Supplies,Office Organizer,3,1574.9,0.02,4630.21,2689.9,1940.31,PayPal,Completed,5,4,No
ORD-00514,2025-12-26,CUST-0010,Customer 10,Consumer,Latin America,Mexico,Partner,Technology,Laptop Pro 14,4,850.68,0.1,3062.45,2473.1,589.35,Bank Transfer,Completed,9,5,No
ORD-01274,2025-12-26,CUST-0035,Customer 35,Consumer,North America,United States,Online,Furniture,Executive Chair,5,1549.29,0.0,7746.45,5691.74,2054.71,PayPal,Shipped,5,6,Yes
ORD-01026,2025-12-27,CUST-0226,Customer 226,Corporate,Europe,France,Partner,Office Supplies,Printer,8,75.79,0.0,606.32,476.5,129.82,Cash,Completed,6,8,Yes
ORD-00447,2025-12-27,CUST-0046,Customer 46,Consumer,Latin America,Mexico,Online,Technology,Laptop Pro 14,6,1596.45,0.0,9578.7,7766.46,1812.24,Bank Transfer,Completed,13,8,No
ORD-00551,2025-12-27,CUST-0077,Customer 77,Small Business,Asia Pacific,Singapore,Retail Store,Furniture,Standing Desk,10,1406.73,0.02,13785.95,10610.6,3175.35,PayPal,Completed,4,11,Yes
ORD-00142,2025-12-27,CUST-0027,Customer 27,Consumer,North America,Canada,Partner,Accessories,Mechanical Keyboard,7,218.16,0.08,1404.95,761.21,643.74,Cash,Completed,3,10,Yes
ORD-00800,2025-12-28,CUST-0119,Customer 119,Consumer,Latin America,Mexico,Retail Store,Office Supplies,Office Organizer,10,737.73,0.15,0.0,3894.59,0.0,Credit Card,Cancelled,1,4,Yes
ORD-01196,2025-12-28,CUST-0161,Customer 161,Consumer,Latin America,Mexico,Online,Technology,Business Monitor,2,1687.64,0.02,3307.77,2120.68,1187.09,Cash,Completed,9,10,Yes
ORD-00474,2025-12-28,CUST-0017,Customer 17,Small Business,Latin America,Mexico,Retail Store,Furniture,Executive Chair,6,1184.36,0.15,6040.24,3257.32,2782.92,Cash,Completed,9,7,No
ORD-00259,2025-12-29,CUST-0117,Customer 117,Corporate,Asia Pacific,Australia,Partner,Furniture,Standing Desk,10,509.0,0.05,4835.5,2679.19,2156.31,PayPal,Completed,9,6,No
ORD-01107,2025-12-29,CUST-0072,Customer 72,Consumer,Europe,United Kingdom,Online,Office Supplies,Premium Paper,10,1099.87,0.05,10448.76,7036.68,3412.08,Credit Card,Completed,5,8,Yes
ORD-00155,2025-12-30,CUST-0256,Customer 256,Corporate,Latin America,Mexico,Online,Accessories,Webcam,5,786.11,0.0,3930.55,2408.57,1521.98,Credit Card,Completed,14,4,No
ORD-00849,2025-12-30,CUST-0085,Customer 85,Corporate,Europe,France,Retail Store,Furniture,Standing Desk,5,1333.93,0.15,5669.2,4490.77,1178.43,PayPal,Completed,6,9,Yes
ORD-00240,2025-12-31,CUST-0202,Customer 202,Consumer,North America,United States,Online,Technology,Business Monitor,4,610.2,0.05,2318.76,1898.33,420.43,PayPal,Completed,1,8,Yes
